EmpID,Attrition,DailyRate,DistanceFromHome,HourlyRate,MonthlyIncome,SalarySlab,MonthlyRate,NumCompaniesWorked,OverTime,PercentSalaryHike,PerformanceRating,StockOptionLevel,TotalWorkingYears,TrainingTimesLastYear,YearsAtCompany,YearsInCurrentRole,YearsSinceLastPromotion,YearsWithCurrManager
RM297,Yes,230,3,54,1420,Upto 5k,25233,1,No,13,3,0,0,2,0,0,0,0.0
RM302,No,812,10,69,1200,Upto 5k,9724,1,No,12,3,0,0,2,0,0,0,0.0
RM458,Yes,1306,5,69,1878,Upto 5k,8059,1,Yes,14,3,0,0,3,0,0,0,0.0
RM728,No,287,5,73,1051,Upto 5k,13493,1,No,15,3,0,0,2,0,0,0,0.0
RM829,Yes,247,8,80,1904,Upto 5k,13556,1,No,12,3,0,0,0,0,0,0,0.0
RM973,No,1124,1,97,1611,Upto 5k,19305,1,No,15,3,0,0,5,0,0,0,0.0
RM1154,Yes,544,3,70,1569,Upto 5k,18420,1,Yes,12,3,0,0,2,0,0,0,0.0
RM1312,No,1431,14,33,1514,Upto 5k,8018,1,No,16,3,0,0,4,0,0,0,0.0
RM128,Yes,528,22,50,1675,Upto 5k,26820,1,Yes,19,3,0,0,2,0,0,0,0.0
RM150,No,1181,3,79,1483,Upto 5k,16102,1,No,14,3,0,1,3,1,0,0,0.0
RM172,Yes,602,1,100,2325,Upto 5k,20989,0,No,21,4,0,1,5,0,0,0,0.0
RM178,Yes,303,2,47,1102,Upto 5k,9241,1,No,22,4,0,1,3,1,0,1,0.0
RM423,Yes,489,2,52,2564,Upto 5k,18437,1,No,12,3,0,1,3,1,0,0,0.0
RM689,Yes,419,21,37,2121,Upto 5k,9947,1,Yes,13,3,0,1,3,1,0,0,0.0
RM854,No,645,9,54,2552,Upto 5k,7172,1,No,25,4,0,1,4,1,1,0,0.0
RM893,Yes,504,10,96,1859,Upto 5k,6148,1,Yes,25,4,0,1,2,1,1,0,0.0
RM910,No,265,25,57,2994,Upto 5k,21221,1,Yes,12,3,0,1,2,1,0,0,1.0
RM103,Yes,871,6,66,2926,Upto 5k,19783,1,Yes,18,3,0,1,5,1,0,1,0.0
RM488,No,959,1,83,2836,Upto 5k,11757,1,No,13,3,0,1,0,1,0,0,0.0
RM514,Yes,1362,10,32,1009,Upto 5k,26999,1,Yes,11,3,0,1,5,1,0,1,1.0
RM663,Yes,500,2,49,2044,Upto 5k,22052,1,No,13,3,0,2,3,2,2,0,2.0
RM690,Yes,129,4,84,2973,Upto 5k,13008,1,No,19,3,0,1,2,1,0,0,0.0
RM732,Yes,1097,11,98,2600,Upto 5k,18275,1,Yes,15,3,0,1,2,1,0,0,0.0
RM777,Yes,769,9,54,2323,Upto 5k,17205,1,Yes,14,3,0,2,3,2,2,0,2.0
RM857,No,805,3,87,3033,Upto 5k,12828,1,No,12,3,0,2,2,2,2,1,2.0
RM877,No,654,21,43,2678,Upto 5k,5050,1,No,17,3,0,2,2,2,1,2,2.0
RM1179,No,1141,2,31,2783,Upto 5k,13251,1,No,19,3,0,2,3,2,2,2,2.0
RM1198,No,727,9,54,2728,Upto 5k,21082,1,No,11,3,0,2,3,2,2,0,2.0
RM024,No,391,15,96,1232,Upto 5k,19281,1,No,14,3,0,0,6,0,0,0,
RM275,No,996,3,100,3230,Upto 5k,10531,1,No,17,3,0,3,4,3,2,1,0.0
RM358,Yes,756,1,99,2174,Upto 5k,9150,1,Yes,11,3,0,3,3,3,2,1,2.0
RM363,No,895,9,39,2610,Upto 5k,2851,1,No,24,4,0,3,3,3,2,2,
RM371,Yes,156,12,90,2716,Upto 5k,25422,1,No,15,3,0,1,0,1,0,0,0.0
RM497,No,1343,22,49,3447,Upto 5k,24444,1,No,11,3,0,3,2,3,2,1,2.0
RM664,Yes,1427,18,65,2693,Upto 5k,8870,1,No,19,3,0,1,3,1,0,0,0.0
RM778,Yes,1334,10,36,1416,Upto 5k,17258,1,No,13,3,0,1,6,1,0,1,0.0
RM816,No,984,1,70,2070,Upto 5k,25326,1,Yes,11,3,0,2,6,2,2,2,2.0
RM916,Yes,251,10,45,2625,Upto 5k,25308,1,No,20,4,0,2,2,2,2,2,2.0
RM1153,No,546,5,97,3117,Upto 5k,26009,1,No,18,3,0,3,2,2,2,2,2.0
RM1272,Yes,337,7,31,2679,Upto 5k,4567,1,No,13,3,0,1,3,1,0,1,0.0
RM1437,No,501,5,58,2380,Upto 5k,25479,1,Yes,11,3,0,2,6,2,2,1,2.0
RM018,No,1123,16,96,2935,Upto 5k,7324,1,Yes,13,3,2,1,2,1,0,0,0.0
RM110,No,534,15,59,2871,Upto 5k,23785,1,No,15,3,0,1,5,0,0,0,0.0
RM129,No,594,2,100,2523,Upto 5k,19299,0,No,14,3,1,3,2,2,1,2,1.0
RM161,No,1256,19,80,2323,Upto 5k,11992,1,No,24,4,2,2,6,2,2,2,2.0
RM207,No,1136,5,60,2328,Upto 5k,12392,1,Yes,16,3,1,4,2,4,2,2,
RM384,No,253,11,43,2244,Upto 5k,24440,1,No,13,3,1,2,1,2,1,1,2.0
RM444,Yes,1368,4,99,3894,Upto 5k,9129,5,No,16,3,0,4,3,2,2,1,2.0
RM499,No,604,6,69,2773,Upto 5k,12145,0,No,20,4,0,3,3,2,2,2,2.0
RM631,No,1230,1,33,4775,Upto 5k,19146,6,No,22,4,2,4,2,2,2,2,2.0
RM667,Yes,617,3,34,4171,Upto 5k,10022,0,Yes,19,3,1,4,3,3,2,0,2.0
RM735,No,217,8,94,2451,Upto 5k,6881,1,No,15,3,1,4,3,4,3,1,1.0
RM861,Yes,1256,3,48,2853,Upto 5k,4223,0,Yes,11,3,1,1,5,0,0,0,0.0
RM1138,No,457,26,85,2814,Upto 5k,10293,1,Yes,14,3,0,4,2,4,2,1,3.0
RM1274,Yes,1294,8,79,2398,Upto 5k,15999,1,Yes,17,3,0,1,6,1,0,0,0.0
RM1340,Yes,391,7,75,2472,Upto 5k,26092,1,Yes,23,4,0,1,2,1,0,0,0.0
RM1424,No,581,1,63,3375,Upto 5k,17624,0,No,12,3,0,4,2,3,2,1,2.0
RM087,No,541,2,62,2322,Upto 5k,9518,3,No,13,3,1,3,3,0,0,0,0.0
RM346,No,1309,26,83,2904,Upto 5k,16092,1,No,12,3,2,4,2,4,2,0,2.0
RM517,No,885,4,58,2819,Upto 5k,8544,2,No,16,3,1,5,3,3,2,0,2.0
RM551,No,650,9,37,2500,Upto 5k,4344,1,No,14,3,1,5,2,4,3,0,2.0
RM566,No,310,10,79,3505,Upto 5k,19630,1,No,18,3,0,2,3,2,2,0,2.0
RM586,Yes,1243,6,63,1601,Upto 5k,3445,1,Yes,21,4,2,1,2,0,0,0,0.0
RM911,No,373,1,47,1223,Upto 5k,16901,1,No,22,4,1,1,2,1,0,0,1.0
RM1083,No,507,20,97,2272,Upto 5k,24812,0,No,14,3,0,5,2,4,3,1,2.0
RM1128,No,977,10,45,2073,Upto 5k,12826,2,No,16,3,1,4,2,2,2,2,2.0
RM1202,Yes,1320,8,93,3989,Upto 5k,20586,1,Yes,11,3,0,5,2,5,4,1,2.0
RM1214,Yes,427,7,99,2275,Upto 5k,25103,1,Yes,21,4,1,3,2,3,2,0,2.0
RM1239,No,160,4,51,3295,Upto 5k,12862,1,No,13,3,0,3,3,3,2,1,2.0
RM1409,No,571,12,78,2647,Upto 5k,13672,1,No,13,3,0,5,6,5,2,1,4.0
RM1439,Yes,638,9,33,1790,Upto 5k,26956,1,No,19,3,1,1,3,1,0,1,0.0
RM021,No,673,11,96,4011,Upto 5k,8232,0,No,18,3,1,5,5,4,2,1,3.0
RM035,Yes,813,1,61,2293,Upto 5k,3020,2,Yes,16,3,1,6,2,2,0,2,0.0
RM097,No,1353,3,33,4999,Upto 5k,17519,0,No,21,4,1,4,2,3,2,0,2.0
RM114,No,1127,18,52,2774,Upto 5k,13257,0,No,12,3,1,6,2,5,3,1,2.0
RM381,No,1371,10,77,4260,Upto 5k,5915,1,Yes,12,3,1,5,2,5,2,0,3.0
RM415,Yes,1448,1,62,3202,Upto 5k,21972,1,Yes,16,3,0,6,4,5,3,1,4.0
RM471,No,535,24,38,2400,Upto 5k,5530,0,No,13,3,2,3,3,2,2,2,1.0
RM475,No,691,23,89,2725,Upto 5k,21630,1,Yes,11,3,2,6,3,6,5,1,4.0
RM477,No,823,17,94,2127,Upto 5k,9100,1,No,21,4,1,1,2,1,0,0,0.0
RM480,Yes,1287,7,55,2886,Upto 5k,14168,1,Yes,16,3,1,6,4,6,3,1,2.0
RM526,Yes,693,3,65,4577,Upto 5k,24785,9,No,14,3,0,4,3,2,2,2,0.0
RM587,No,1092,9,60,2694,Upto 5k,26551,1,No,11,3,3,1,4,1,0,0,0.0
RM641,No,1269,4,46,3162,Upto 5k,10778,0,No,17,3,0,6,2,5,2,3,4.0
RM725,No,1206,17,41,4377,Upto 5k,24117,1,No,15,3,2,5,6,4,2,3,2.0
RM842,No,477,24,49,3597,Upto 5k,6409,8,No,22,4,0,6,2,4,3,1,2.0
RM872,Yes,984,17,97,2210,Upto 5k,3372,1,No,13,3,1,1,3,1,0,0,0.0
RM1026,No,1476,4,42,4162,Upto 5k,15211,1,Yes,12,3,2,5,3,5,4,0,3.0
RM1061,Yes,381,9,89,3172,Upto 5k,16998,2,Yes,11,3,0,4,2,0,0,0,0.0
RM1062,No,830,13,78,2033,Upto 5k,7103,1,No,13,3,1,1,2,1,0,0,0.0
RM1098,No,350,21,57,2296,Upto 5k,10036,0,No,14,3,3,2,3,1,1,0,0.0
RM1169,No,567,2,32,3760,Upto 5k,17218,1,Yes,13,3,0,6,2,6,3,1,3.0
RM1218,No,581,9,62,4401,Upto 5k,17616,1,No,16,3,1,5,1,5,3,0,4.0
RM1223,Yes,240,22,58,1555,Upto 5k,11585,1,No,11,3,1,1,2,1,0,0,0.0
RM1231,No,506,29,91,3907,Upto 5k,3622,1,No,13,3,3,6,2,6,2,1,2.0
RM1246,No,897,10,59,2145,Upto 5k,2097,0,No,14,3,1,3,2,2,2,2,1.0
RM1408,No,771,1,45,4617,Upto 5k,14120,1,No,12,3,0,4,2,4,3,1,2.0
RM108,Yes,240,5,46,5744,5k-10k,26959,1,Yes,11,3,0,6,1,6,4,0,3.0
RM109,No,1280,7,64,2889,Upto 5k,26897,1,No,11,3,2,2,2,2,2,2,1.0
RM139,No,959,28,41,8639,5k-10k,24835,2,No,18,3,0,6,3,2,2,2,
RM256,No,685,1,62,4898,Upto 5k,7505,0,No,12,3,2,5,3,4,2,1,
RM268,No,675,5,85,4000,Upto 5k,18384,1,No,12,3,2,6,2,6,3,1,5.0
RM398,No,891,4,99,4487,Upto 5k,12090,1,Yes,11,3,0,5,3,5,4,1,3.0
RM406,Yes,688,3,91,4031,Upto 5k,9396,5,No,13,3,1,6,5,2,2,0,
RM479,No,622,13,40,2096,Upto 5k,26376,1,No,11,3,0,7,1,7,4,0,6.0
RM518,No,810,8,57,4851,Upto 5k,15678,0,No,22,4,1,4,4,3,2,1,2.0
RM564,No,883,26,32,6180,5k-10k,22807,1,No,23,4,0,6,5,6,5,1,4.0
RM619,No,180,2,65,3424,Upto 5k,21632,7,No,13,3,0,6,3,4,3,0,1.0
RM635,No,141,3,98,4194,Upto 5k,14363,1,Yes,18,3,0,5,3,5,3,0,3.0
RM639,No,583,4,87,4256,Upto 5k,18154,1,No,12,3,0,5,1,5,2,0,3.0
RM684,Yes,867,19,36,2413,Upto 5k,18798,1,Yes,18,3,3,1,2,1,0,0,0.0
RM797,Yes,1219,4,32,3691,Upto 5k,4605,1,Yes,15,3,1,7,3,7,7,5,6.0
RM886,No,1356,10,57,4950,Upto 5k,20623,0,No,14,3,0,5,4,4,3,1,1.0
RM912,Yes,599,24,73,1118,Upto 5k,8040,1,Yes,14,3,0,1,4,1,0,1,0.0
RM935,No,266,1,40,2096,Upto 5k,18830,1,No,18,3,0,2,3,2,2,2,1.0
RM966,No,882,19,67,3669,Upto 5k,9075,3,No,11,3,3,7,6,3,2,1,2.0
RM994,No,1372,18,93,6232,5k-10k,12477,2,No,11,3,0,6,3,3,2,1,2.0
RM1004,No,949,1,81,3229,Upto 5k,4910,4,No,11,3,1,7,2,3,2,0,2.0
RM1022,Yes,383,9,68,4400,Upto 5k,15182,3,No,12,3,0,6,2,3,2,2,2.0
RM1175,No,772,2,77,5206,5k-10k,4973,1,No,17,3,2,7,6,7,7,0,7.0
RM1412,No,309,2,82,2187,Upto 5k,19655,4,No,14,3,0,6,3,2,0,1,2.0
RM1414,No,977,2,57,3977,Upto 5k,7298,6,Yes,19,3,1,7,2,2,2,0,2.0
RM1434,No,1382,8,85,4907,Upto 5k,13684,0,Yes,22,4,1,6,3,5,3,0,4.0
RM043,Yes,1357,25,48,2293,Upto 5k,10558,1,No,12,3,0,1,2,1,0,0,1.0
RM055,No,1443,23,47,4157,Upto 5k,21436,7,Yes,19,3,1,5,2,2,2,0,0.0
RM126,No,841,6,46,2368,Upto 5k,23300,1,No,19,3,0,5,3,5,4,4,3.0
RM135,No,1355,25,61,2942,Upto 5k,8916,1,No,23,4,1,8,3,8,7,5,7.0
RM279,No,1479,1,84,6397,5k-10k,26767,1,No,20,4,1,6,6,6,5,1,4.0
RM285,No,496,11,60,4741,Upto 5k,22722,1,Yes,13,3,1,5,3,5,3,3,3.0
RM289,Yes,1449,16,45,2373,Upto 5k,14180,2,Yes,13,3,1,5,2,3,2,0,2.0
RM294,Yes,950,4,48,5828,5k-10k,8450,1,Yes,12,3,0,8,0,8,7,7,4.0
RM356,No,933,1,57,5296,5k-10k,20156,1,No,17,3,1,8,3,8,7,7,7.0
RM383,Yes,575,3,73,3102,Upto 5k,6582,0,No,22,4,0,7,2,6,4,0,4.0
RM419,No,1349,23,90,2886,Upto 5k,3032,1,No,22,4,2,3,3,3,2,0,2.0
RM454,Yes,426,17,58,2741,Upto 5k,22808,0,Yes,11,3,1,8,2,7,7,1,0.0
RM461,No,775,29,45,4306,Upto 5k,4267,5,No,12,3,2,8,5,0,0,0,0.0
RM464,Yes,471,24,66,2340,Upto 5k,23213,1,Yes,18,3,0,1,3,1,0,0,0.0
RM476,No,703,28,66,6272,5k-10k,7428,1,No,20,4,2,6,5,5,3,1,4.0
RM506,No,991,6,71,2659,Upto 5k,17759,1,Yes,13,3,1,3,2,3,2,0,2.0
RM572,No,575,1,71,4364,Upto 5k,5288,3,No,14,3,1,5,2,2,2,2,0.0
RM574,Yes,1146,8,38,5326,5k-10k,3064,6,No,17,3,0,6,2,4,3,1,2.0
RM615,Yes,887,5,88,2366,Upto 5k,20898,1,Yes,14,3,1,8,2,8,7,1,7.0
RM686,No,1283,1,52,4294,Upto 5k,11148,1,No,12,3,0,7,2,7,7,0,7.0
RM734,No,1066,2,32,5472,5k-10k,3334,1,No,12,3,0,8,2,8,7,1,3.0
RM749,Yes,265,29,79,4969,Upto 5k,21813,8,No,18,3,0,7,6,2,2,2,2.0
RM763,Yes,342,2,57,2042,Upto 5k,15346,6,Yes,14,3,1,6,2,3,2,1,2.0
RM770,No,921,1,66,2007,Upto 5k,25265,1,No,13,3,2,5,5,5,3,1,3.0
RM782,No,192,1,59,3955,Upto 5k,11141,1,No,16,3,2,6,2,5,3,1,3.0
RM798,Yes,1330,21,37,2377,Upto 5k,19373,1,No,20,4,1,1,0,1,1,0,0.0
RM844,No,1384,3,82,4420,Upto 5k,13421,1,No,22,4,1,8,2,8,7,0,7.0
RM913,No,583,4,53,2875,Upto 5k,9973,1,Yes,20,4,0,8,2,8,5,2,2.0
RM999,No,683,2,36,3904,Upto 5k,4050,0,No,12,3,0,5,2,4,3,1,1.0
RM1005,No,652,7,100,3578,Upto 5k,23577,0,No,12,3,0,8,2,7,7,0,7.0
RM1119,No,474,3,89,2061,Upto 5k,11133,1,No,21,4,0,1,5,1,0,0,0.0
RM1207,No,786,7,76,2570,Upto 5k,11925,1,No,20,4,0,7,5,7,7,5,7.0
RM1225,No,390,17,62,2305,Upto 5k,6217,1,No,15,3,3,3,3,3,2,0,2.0
RM1298,Yes,920,20,69,2148,Upto 5k,6889,0,Yes,11,3,0,6,3,5,1,1,4.0
RM1310,No,572,10,46,4684,Upto 5k,9125,1,No,13,3,0,5,4,5,3,1,2.0
RM1350,No,482,1,90,2933,Upto 5k,14908,1,Yes,13,3,1,1,3,1,0,1,0.0
RM1362,No,1096,6,61,2544,Upto 5k,7102,0,No,18,3,1,8,3,7,7,7,7.0
RM1387,No,157,1,95,2867,Upto 5k,20006,0,No,13,3,0,8,6,7,7,7,6.0
RM1465,No,1167,5,30,2966,Upto 5k,21378,0,No,18,3,0,5,2,4,2,0,0.0
RM1465,No,1167,5,30,2966,Upto 5k,21378,0,No,18,3,0,5,2,4,2,0,5.0
RM005,No,591,2,40,3468,Upto 5k,16632,9,No,12,3,1,6,3,2,2,2,2.0
RM042,No,1240,2,33,2341,Upto 5k,19715,1,No,13,3,1,1,6,1,0,0,0.0
RM044,No,994,8,37,8726,5k-10k,2975,1,No,15,3,0,9,0,9,8,1,7.0
RM162,No,691,9,57,2024,Upto 5k,5970,6,No,18,3,1,6,1,2,2,2,2.0
RM165,No,1450,3,79,2566,Upto 5k,25326,1,Yes,15,3,1,1,2,1,1,0,1.0
RM171,No,1157,17,51,3058,Upto 5k,13364,0,Yes,16,3,1,6,3,5,2,1,1.0
RM192,No,894,9,99,2279,Upto 5k,11781,1,No,16,3,0,7,2,7,7,0,3.0
RM201,No,472,1,60,4298,Upto 5k,9679,5,No,19,3,1,6,1,2,2,2,0.0
RM213,No,1242,20,90,9981,5k-10k,12916,1,No,14,3,0,7,2,7,7,0,7.0
RM319,No,1220,5,85,2478,Upto 5k,20938,1,Yes,12,3,0,4,2,4,3,1,2.0
RM321,No,1377,2,74,4478,Upto 5k,5242,1,Yes,11,3,0,5,3,5,4,0,4.0
RM332,No,210,1,73,6349,5k-10k,22107,0,Yes,13,3,1,6,0,5,4,1,4.0
RM340,No,1130,8,56,6214,5k-10k,3415,1,No,18,3,1,8,3,8,7,0,7.0
RM374,No,1469,1,82,3816,Upto 5k,17881,1,No,11,3,1,5,2,5,2,0,4.0
RM486,No,798,6,66,2187,Upto 5k,5013,0,No,12,3,2,6,5,5,3,0,3.0
RM496,Yes,1420,2,85,3041,Upto 5k,16346,0,No,11,3,1,5,3,4,3,0,2.0
RM513,No,1115,3,54,2045,Upto 5k,15174,0,No,13,3,0,5,0,4,2,1,1.0
RM522,No,1410,3,71,4647,Upto 5k,16673,1,Yes,20,4,2,6,3,6,5,0,4.0
RM531,No,608,1,68,7412,5k-10k,6009,1,No,11,3,0,9,3,9,7,0,7.0
RM538,No,294,10,32,8793,5k-10k,4809,1,No,21,4,2,9,4,9,7,1,7.0
RM555,No,975,7,55,6811,5k-10k,23398,8,No,19,3,0,9,2,7,6,0,7.0
RM577,No,829,8,84,4342,Upto 5k,24008,0,No,19,3,1,5,3,4,2,1,1.0
RM611,No,269,5,42,12808,10k-15k,8842,1,Yes,16,3,1,9,3,9,8,0,8.0
RM616,No,443,3,50,1706,Upto 5k,16571,1,No,11,3,3,0,6,0,0,0,0.0
RM671,No,618,4,76,2318,Upto 5k,17808,1,No,19,3,0,1,2,1,1,0,0.0
RM718,No,1134,16,37,2811,Upto 5k,12086,9,No,14,3,1,4,2,2,2,2,2.0
RM740,No,1055,2,47,4227,Upto 5k,4658,0,No,18,3,1,4,2,3,2,2,2.0
RM787,No,1277,8,87,4621,Upto 5k,5869,1,No,19,3,3,3,4,3,2,1,2.0
RM834,No,199,6,55,2539,Upto 5k,7950,1,No,13,3,1,4,0,4,2,2,2.0
RM890,No,1103,14,42,2235,Upto 5k,14377,1,Yes,14,3,2,9,3,9,7,6,8.0
RM903,No,1167,4,76,2517,Upto 5k,3208,1,No,11,3,3,5,2,5,3,0,3.0
RM971,No,1291,11,98,2534,Upto 5k,6527,8,No,14,3,1,5,4,1,0,0,0.0
RM975,No,793,2,43,5071,5k-10k,20392,3,No,20,4,0,8,3,6,2,0,0.0
RM997,No,205,10,98,5769,5k-10k,7100,1,Yes,11,3,0,6,3,6,2,4,4.0
RM998,Yes,135,17,51,2394,Upto 5k,25681,1,Yes,13,3,0,8,2,8,2,7,7.0
RM1018,No,1377,11,91,2099,Upto 5k,7679,0,No,14,3,0,6,3,5,0,1,4.0
RM1150,No,1302,19,67,4066,Upto 5k,16290,1,No,11,3,2,7,3,7,7,0,7.0
RM1170,No,486,8,86,3517,Upto 5k,22490,7,No,17,3,0,5,0,3,2,0,2.0
RM1171,No,591,2,87,2580,Upto 5k,6297,2,No,13,3,0,6,0,4,2,1,2.0
RM1249,No,1054,8,67,3445,Upto 5k,6152,1,No,11,3,0,6,5,6,2,1,4.0
RM1318,No,1297,5,53,2379,Upto 5k,19826,0,Yes,14,3,0,6,3,5,4,0,2.0
RM1329,No,728,23,36,3540,Upto 5k,7018,1,No,21,4,1,9,5,9,8,5,8.0
RM1335,No,1131,15,77,4774,Upto 5k,23844,0,No,19,3,1,8,2,7,6,7,3.0
RM1351,No,511,2,89,6500,5k-10k,26997,0,No,14,3,0,9,5,8,7,0,7.0
RM1368,No,1354,2,41,2226,Upto 5k,6073,1,No,11,3,1,6,3,5,3,1,2.0
RM1380,Yes,1337,22,58,2863,Upto 5k,19555,1,No,12,3,0,1,2,1,0,0,0.0
RM1394,No,954,9,44,4105,Upto 5k,5099,1,No,14,3,0,7,5,7,7,0,7.0
RM1468,No,155,4,87,6142,5k-10k,5174,1,Yes,20,4,1,6,0,6,2,0,3.0
RM1468,No,155,4,87,6142,5k-10k,5174,1,Yes,20,4,1,6,0,6,2,0,3.0
RM015,Yes,103,24,50,2028,Upto 5k,12947,5,Yes,14,3,0,6,4,4,2,0,3.0
RM052,Yes,1434,5,50,3441,Upto 5k,11179,1,Yes,13,3,0,2,3,2,2,2,2.0
RM098,No,120,4,43,4221,Upto 5k,8863,1,No,15,3,0,5,3,5,4,0,4.0
RM163,No,440,21,42,2713,Upto 5k,6672,1,No,11,3,1,5,2,5,2,0,2.0
RM265,Yes,529,2,79,3485,Upto 5k,14935,2,No,11,3,0,5,5,0,0,0,0.0
RM273,No,1158,9,94,2070,Upto 5k,2613,1,No,23,4,1,5,3,5,2,0,4.0
RM290,No,1117,8,66,3310,Upto 5k,4488,1,No,21,4,0,5,3,5,3,0,2.0
RM303,No,1476,16,68,5661,5k-10k,4824,0,No,19,3,0,9,2,8,3,0,7.0
RM324,Yes,1157,2,84,3464,Upto 5k,24737,5,Yes,13,3,0,5,4,3,2,2,2.0
RM375,No,304,9,92,5253,5k-10k,20750,1,No,16,3,0,7,1,7,5,0,7.0
RM405,No,1300,17,79,4558,Upto 5k,13535,1,No,12,3,1,10,2,10,0,1,
RM541,Yes,654,1,67,2216,Upto 5k,3872,7,Yes,13,3,0,10,4,7,7,3,7.0
RM599,Yes,890,2,46,4382,Upto 5k,16374,6,No,17,3,0,5,3,2,2,2,1.0
RM613,No,760,2,81,4779,Upto 5k,3698,1,Yes,20,4,0,8,2,8,7,7,5.0
RM630,No,1169,8,63,4936,Upto 5k,23965,1,No,13,3,1,6,6,5,1,0,4.0
RM660,No,821,5,98,4908,Upto 5k,24252,1,No,14,3,0,4,3,4,2,0,2.0
RM669,No,995,9,77,2377,Upto 5k,9834,5,No,18,3,1,6,2,2,2,2,2.0
RM765,No,1144,10,74,1052,Upto 5k,23384,1,No,22,4,0,1,5,1,0,0,0.0
RM781,Yes,1366,24,72,8722,5k-10k,12355,1,No,12,3,0,10,2,10,7,1,9.0
RM789,No,857,10,59,3660,Upto 5k,7909,3,No,13,3,0,10,4,8,7,1,7.0
RM794,No,895,15,50,2207,Upto 5k,22482,1,No,16,3,1,4,5,4,2,2,2.0
RM801,Yes,1009,1,45,2596,Upto 5k,7160,1,No,15,3,2,1,2,1,0,0,0.0
RM810,No,950,3,93,7655,5k-10k,8039,0,No,17,3,3,10,3,9,7,1,7.0
RM820,No,1451,2,67,3201,Upto 5k,19911,0,No,17,3,0,6,2,5,3,0,4.0
RM828,No,773,6,39,2703,Upto 5k,22088,1,Yes,14,3,1,3,2,3,1,0,2.0
RM843,Yes,1485,12,79,2515,Upto 5k,22955,1,Yes,11,3,0,1,4,1,1,0,0.0
RM869,No,1179,19,78,3196,Upto 5k,12449,1,No,12,3,3,6,2,6,5,3,3.0
RM922,No,791,1,44,2154,Upto 5k,6842,0,Yes,11,3,0,5,2,4,2,0,2.0
RM930,No,193,2,52,3867,Upto 5k,14222,1,Yes,12,3,1,2,2,2,2,2,2.0
RM934,No,640,1,84,2080,Upto 5k,4732,2,No,11,3,0,5,2,3,2,1,2.0
RM945,No,1476,1,55,6674,5k-10k,16392,0,No,11,3,3,10,6,9,8,7,5.0
RM985,No,736,26,48,4724,Upto 5k,24232,1,No,11,3,1,5,0,5,3,0,4.0
RM1042,No,866,5,84,8463,5k-10k,23490,0,No,18,3,0,6,4,5,4,1,3.0
RM1057,Yes,1496,1,92,2909,Upto 5k,15747,3,No,15,3,1,5,3,3,2,1,2.0
RM1069,Yes,289,2,38,2561,Upto 5k,5355,7,No,11,3,0,8,2,0,0,0,0.0
RM1070,No,1423,1,72,1563,Upto 5k,12530,1,No,14,3,1,1,2,1,0,0,0.0
RM1071,No,467,7,55,4898,Upto 5k,11827,0,No,14,3,0,5,5,4,2,1,3.0
RM1074,No,1083,29,96,6549,5k-10k,3173,1,No,14,3,2,8,2,8,6,1,7.0
RM1137,Yes,329,24,51,2408,Upto 5k,7324,1,Yes,17,3,3,1,3,1,1,0,0.0
RM1152,No,580,27,39,4877,Upto 5k,20460,0,No,21,4,1,6,5,5,3,0,0.0
RM1284,No,1181,1,82,2044,Upto 5k,5531,1,No,11,3,1,5,6,5,3,0,3.0
RM1308,No,1217,1,67,3591,Upto 5k,12719,1,No,25,4,1,3,3,3,2,1,2.0
RM1324,No,280,1,43,2706,Upto 5k,10494,1,No,15,3,1,3,2,3,2,2,2.0
RM1338,No,1172,3,78,2856,Upto 5k,3692,1,No,19,3,1,1,3,1,0,0,0.0
RM1365,No,783,1,42,6834,5k-10k,19255,1,Yes,12,3,1,7,2,7,7,0,7.0
RM1370,Yes,1475,13,84,9854,5k-10k,23352,3,Yes,11,3,0,6,0,2,0,2,2.0
RM1382,No,1103,16,49,2144,Upto 5k,2122,1,No,14,3,0,5,3,5,3,1,4.0
RM1391,Yes,1404,17,32,2367,Upto 5k,18779,5,No,12,3,1,6,2,4,1,0,3.0
RM012,No,153,15,49,4193,Upto 5k,12682,0,Yes,12,3,0,10,3,9,5,0,8.0
RM016,No,1389,21,51,9980,5k-10k,10195,1,No,11,3,1,10,1,10,9,8,8.0
RM072,No,1328,2,76,2703,Upto 5k,4956,0,No,23,4,1,6,3,5,4,0,
RM156,No,1496,1,41,4319,Upto 5k,26283,1,No,13,3,1,10,1,10,7,0,9.0
RM206,Yes,121,27,35,7639,5k-10k,24525,1,No,22,4,3,10,3,10,4,1,
RM218,Yes,992,1,85,2058,Upto 5k,19757,0,No,14,3,0,7,1,6,2,1,5.0
RM228,No,1413,1,42,7918,5k-10k,6599,1,No,14,3,1,11,5,11,10,4,1.0
RM230,Yes,896,18,86,2389,Upto 5k,14961,1,Yes,13,3,0,4,3,4,3,0,1.0
RM253,No,665,15,60,2340,Upto 5k,22673,1,No,19,3,0,6,1,6,5,1,
RM255,No,1247,20,45,6931,5k-10k,10732,2,No,14,3,1,10,2,3,2,0,
RM266,No,1210,2,78,6644,5k-10k,3687,2,No,19,3,2,10,2,0,0,0,0.0
RM283,No,442,2,44,4554,Upto 5k,20260,1,No,18,3,0,10,3,10,7,0,9.0
RM337,Yes,318,8,77,2119,Upto 5k,4759,1,Yes,11,3,0,7,4,7,7,0,7.0
RM338,No,738,9,30,3983,Upto 5k,7621,0,No,17,3,0,4,2,3,2,2,2.0
RM344,No,144,10,39,8268,5k-10k,11866,1,Yes,14,3,2,7,2,7,7,1,7.0
RM350,No,746,2,61,4649,Upto 5k,16928,1,No,14,3,1,4,3,4,3,0,2.0
RM372,No,1283,23,54,2201,Upto 5k,18168,9,No,16,3,0,6,4,3,2,1,2.0
RM421,No,986,3,93,11935,10k-15k,21526,1,No,18,3,0,10,2,10,2,0,7.0
RM422,Yes,408,25,71,2546,Upto 5k,18300,5,No,16,3,0,6,2,2,2,1,1.0
RM455,No,232,19,34,4262,Upto 5k,22645,4,No,12,3,2,8,2,3,2,1,2.0
RM508,No,1176,3,62,5561,5k-10k,3487,1,No,14,3,1,6,5,6,0,1,2.0
RM520,No,806,1,76,2720,Upto 5k,18959,1,No,18,3,1,10,5,10,7,2,8.0
RM547,No,1396,10,99,2642,Upto 5k,2755,1,No,11,3,0,1,6,1,0,0,0.0
RM556,No,1090,10,83,2297,Upto 5k,17967,1,No,14,3,2,2,2,2,2,2,2.0
RM573,No,657,27,66,4335,Upto 5k,25549,4,No,12,3,1,11,3,8,7,1,1.0
RM590,Yes,805,1,36,2319,Upto 5k,6689,1,Yes,11,3,1,1,1,1,0,0,0.0
RM595,No,1252,23,81,2700,Upto 5k,23779,1,No,24,4,1,10,3,10,7,0,7.0
RM646,Yes,341,1,48,2800,Upto 5k,23522,6,Yes,19,3,3,5,3,3,2,0,2.0
RM658,No,1086,7,62,2532,Upto 5k,6054,6,No,14,3,3,8,5,4,3,0,3.0
RM698,No,1404,20,84,2157,Upto 5k,18203,1,No,15,3,1,3,5,3,1,0,2.0
RM712,Yes,906,10,92,2404,Upto 5k,11479,6,Yes,20,4,0,3,5,0,0,0,0.0
RM809,No,1107,28,93,2514,Upto 5k,26968,4,No,22,4,1,11,1,7,5,1,7.0
RM824,No,490,10,61,3291,Upto 5k,17940,0,No,14,3,2,8,2,7,5,1,1.0
RM826,No,718,8,79,5056,5k-10k,17689,1,Yes,15,3,1,10,2,10,7,1,2.0
RM837,Yes,408,23,45,7336,5k-10k,11162,1,No,13,3,1,11,3,11,8,3,10.0
RM853,No,1401,6,54,3131,Upto 5k,26342,1,No,13,3,1,10,5,10,8,0,8.0
RM860,No,942,15,69,2168,Upto 5k,26933,0,Yes,18,3,1,6,2,5,4,1,3.0
RM894,No,1010,1,97,3760,Upto 5k,5598,1,No,15,3,3,3,5,3,2,1,2.0
RM904,No,1329,7,82,6623,5k-10k,4204,1,Yes,11,3,2,6,2,6,0,1,0.0
RM906,No,694,1,87,16124,15k+,3423,3,No,14,3,2,9,2,7,7,1,7.0
RM933,Yes,806,7,39,3339,Upto 5k,17285,3,Yes,13,3,2,10,2,7,7,7,7.0
RM1006,No,332,17,51,7988,5k-10k,9769,1,No,13,3,0,10,3,10,9,0,9.0
RM1008,Yes,337,14,84,7553,5k-10k,22930,0,Yes,12,3,0,9,1,8,7,7,7.0
RM1058,Yes,115,13,51,5765,5k-10k,17485,5,No,11,3,0,7,4,5,3,0,0.0
RM1064,No,1246,19,77,8620,5k-10k,23757,1,No,14,3,2,10,3,10,7,0,4.0
RM1073,No,410,2,97,3180,Upto 5k,4668,0,No,13,3,3,4,3,3,2,0,2.0
RM1078,Yes,224,1,100,2362,Upto 5k,7568,6,No,13,3,0,11,2,9,7,0,7.0
RM1091,No,441,8,39,9715,5k-10k,7288,3,No,13,3,1,9,3,7,7,0,7.0
RM1105,No,598,9,91,2451,Upto 5k,22376,6,No,18,3,2,5,2,1,0,0,0.0
RM1123,No,1370,3,87,4723,Upto 5k,16213,1,Yes,18,3,0,10,3,10,9,1,5.0
RM1126,No,995,2,87,8853,5k-10k,24483,1,No,19,3,1,6,0,6,4,1,3.0
RM1173,No,469,10,42,5869,5k-10k,23413,9,No,11,3,0,8,2,5,2,1,4.0
RM1189,No,991,5,43,4187,Upto 5k,3356,1,Yes,13,3,1,10,3,10,0,0,9.0
RM1220,No,1082,9,43,2974,Upto 5k,25412,9,No,17,3,1,9,2,5,3,1,2.0
RM1250,Yes,428,9,52,2760,Upto 5k,14630,1,No,13,3,0,2,3,2,2,2,2.0
RM1251,No,461,1,70,6294,5k-10k,23060,8,Yes,12,3,0,10,5,3,2,0,2.0
RM1259,No,590,4,91,2109,Upto 5k,10007,1,No,13,3,1,1,2,1,0,0,0.0
RM1314,Yes,350,13,56,2335,Upto 5k,3157,4,Yes,15,3,3,4,3,2,2,2,0.0
RM1319,No,574,20,40,3812,Upto 5k,7003,1,No,13,3,0,11,3,11,8,3,10.0
RM1325,No,726,29,93,6384,5k-10k,21143,8,No,17,3,2,11,3,7,0,1,6.0
RM1330,No,352,6,87,2804,Upto 5k,15434,1,No,11,3,0,1,3,1,0,0,0.0
RM1333,Yes,459,24,73,2439,Upto 5k,14753,1,Yes,24,4,0,1,3,1,0,1,0.0
RM1344,No,592,7,59,2062,Upto 5k,19384,3,No,14,3,0,11,2,3,2,1,2.0
RM1366,Yes,746,24,45,1091,Upto 5k,10642,1,No,17,3,0,1,3,1,0,0,0.0
RM1388,No,136,1,89,5373,5k-10k,6225,0,No,12,3,1,6,5,5,3,0,2.0
RM1443,Yes,1092,1,36,4787,Upto 5k,26124,9,Yes,14,3,3,4,3,2,2,2,2.0
RM1460,No,1378,13,46,4025,Upto 5k,23679,4,Yes,13,3,1,10,2,4,3,0,3.0
RM1461,No,468,28,73,3785,Upto 5k,8489,1,No,14,3,0,5,3,5,4,0,4.0
RM1461,No,468,28,73,3785,Upto 5k,8489,1,No,14,3,0,5,3,5,4,0,4.0
RM008,No,1358,24,67,2693,Upto 5k,13335,1,No,22,4,1,1,2,1,0,0,
RM033,No,125,9,83,2206,Upto 5k,16117,1,No,13,3,0,10,5,10,0,1,8.0
RM045,No,721,1,58,4011,Upto 5k,10781,1,No,23,4,0,12,2,12,8,3,7.0
RM081,No,852,1,55,5126,5k-10k,15998,1,Yes,12,3,2,10,1,10,8,3,0.0
RM089,No,288,2,99,4152,Upto 5k,15830,1,No,19,3,3,11,3,11,10,10,8.0
RM093,No,1334,4,63,5209,5k-10k,19760,1,Yes,12,3,3,11,4,11,8,2,7.0
RM121,No,1312,23,96,2613,Upto 5k,22310,1,No,25,4,3,10,2,10,7,0,9.0
RM140,No,1240,9,48,6347,5k-10k,13982,0,Yes,19,3,0,12,2,11,9,4,
RM144,No,438,18,75,2632,Upto 5k,23910,1,No,14,3,0,5,4,5,4,0,
RM146,No,201,5,84,3204,Upto 5k,10415,5,No,14,3,1,8,3,3,2,2,
RM147,No,1427,2,35,2720,Upto 5k,11162,0,No,13,3,0,6,3,5,3,1,
RM168,No,1339,5,41,9419,5k-10k,8053,2,No,12,3,1,12,2,10,9,7,4.0
RM174,No,111,9,66,3072,Upto 5k,11012,1,No,11,3,2,12,4,12,9,6,10.0
RM212,No,829,1,88,8474,5k-10k,20925,1,No,22,4,0,12,2,11,8,5,8.0
RM215,Yes,1005,3,88,2657,Upto 5k,8556,5,Yes,11,3,0,8,5,5,2,0,4.0
RM217,Yes,334,26,52,6696,5k-10k,22967,5,No,15,3,0,9,5,6,3,0,1.0
RM325,No,1275,28,64,5775,5k-10k,11934,1,No,13,3,2,11,2,10,8,1,9.0
RM339,No,570,5,30,6118,5k-10k,5431,1,No,13,3,3,10,2,10,9,1,2.0
RM355,No,641,25,85,4736,Upto 5k,6069,7,Yes,12,3,1,4,2,2,2,2,2.0
RM382,No,202,2,72,2476,Upto 5k,17434,1,No,18,3,1,1,3,1,0,0,0.0
RM386,Yes,464,4,40,2285,Upto 5k,3427,9,Yes,23,4,0,3,4,1,0,0,0.0
RM403,No,1082,12,83,6577,5k-10k,19558,0,No,11,3,0,6,6,5,4,4,4.0
RM411,No,317,2,43,6091,5k-10k,24793,2,No,20,4,0,11,2,5,4,0,2.0
RM420,No,1400,3,53,2097,Upto 5k,16734,4,No,15,3,1,9,3,5,3,1,4.0
RM424,No,1398,22,69,8412,5k-10k,2890,0,No,11,3,0,10,3,9,8,7,8.0
RM427,No,1116,2,49,2564,Upto 5k,7181,0,No,14,3,0,12,2,11,7,6,7.0
RM438,No,413,7,57,2983,Upto 5k,18398,0,No,14,3,0,4,3,3,2,1,2.0
RM481,Yes,448,12,74,2033,Upto 5k,14470,1,No,18,3,1,1,2,1,0,0,0.0
RM502,No,160,3,71,2083,Upto 5k,22653,1,No,20,4,1,1,2,1,0,0,0.0
RM546,No,501,27,99,5304,5k-10k,25275,7,No,23,4,1,10,2,8,7,7,7.0
RM582,No,921,1,38,3833,Upto 5k,24375,3,No,21,4,2,7,2,2,2,0,2.0
RM603,No,946,2,52,6877,5k-10k,20234,5,Yes,24,4,0,12,4,0,0,0,0.0
RM624,No,1012,5,75,3761,Upto 5k,2373,9,No,12,3,1,10,3,5,4,0,3.0
RM703,No,231,8,62,7264,5k-10k,9977,5,No,11,3,1,10,2,8,4,7,7.0
RM721,Yes,138,22,48,2132,Upto 5k,11539,4,Yes,11,3,0,7,2,5,2,0,1.0
RM731,No,153,8,73,11416,10k-15k,17802,0,Yes,12,3,3,9,4,8,7,1,7.0
RM733,Yes,109,5,60,2422,Upto 5k,25725,0,No,17,3,0,4,3,3,2,1,2.0
RM783,No,1176,20,85,9957,5k-10k,9096,0,No,15,3,1,7,1,6,2,0,2.0
RM845,No,852,10,72,6578,5k-10k,2706,1,No,18,3,1,10,3,10,3,1,4.0
RM866,No,1329,29,61,4115,Upto 5k,13192,8,No,19,3,3,8,3,4,3,0,3.0
RM875,No,853,7,49,3491,Upto 5k,11309,1,No,13,3,3,10,4,10,7,8,9.0
RM887,No,1465,1,63,3579,Upto 5k,9369,0,Yes,21,4,1,12,2,11,9,5,7.0
RM932,No,879,9,72,4695,Upto 5k,12858,7,Yes,18,3,0,10,3,8,4,1,7.0
RM942,No,1138,6,48,4627,Upto 5k,23631,0,No,12,3,1,10,6,9,2,6,7.0
RM949,No,634,17,95,11916,10k-15k,25927,1,Yes,23,4,2,9,2,9,1,0,8.0
RM1014,No,855,7,73,4779,Upto 5k,12761,7,No,14,3,2,8,3,3,2,0,2.0
RM1050,No,1358,16,96,5301,5k-10k,2939,8,No,15,3,2,4,2,2,1,2,2.0
RM1053,No,990,7,64,1274,Upto 5k,7152,1,No,13,3,2,1,2,1,0,0,0.0
RM1065,No,330,1,46,2064,Upto 5k,15428,0,No,21,4,1,6,3,5,3,1,3.0
RM1107,Yes,740,1,64,9714,5k-10k,5323,1,No,11,3,1,10,4,10,8,6,7.0
RM1110,No,1288,29,33,9250,5k-10k,17799,3,No,12,3,1,9,3,4,2,1,3.0
RM1142,No,241,7,48,2141,Upto 5k,5348,1,No,12,3,1,6,3,6,4,1,1.0
RM1234,No,793,16,33,2862,Upto 5k,3811,1,No,12,3,1,10,2,10,0,0,8.0
RM1245,No,1312,2,78,4968,Upto 5k,26427,0,No,16,3,0,10,2,9,7,0,7.0
RM1247,Yes,600,8,66,2180,Upto 5k,9732,6,No,11,3,1,6,0,4,2,1,2.0
RM1252,No,979,15,94,7140,5k-10k,3088,2,No,11,3,1,12,2,7,7,1,7.0
RM1260,No,305,16,58,5294,5k-10k,9128,3,No,16,3,1,10,3,7,0,1,7.0
RM1297,No,1092,10,64,9667,5k-10k,2739,9,No,14,3,0,9,3,7,7,0,2.0
RM1339,Yes,945,9,89,1081,Upto 5k,16019,1,No,13,3,0,1,3,1,0,0,0.0
RM1413,No,911,1,76,3748,Upto 5k,4077,1,No,13,3,0,12,6,12,8,1,7.0
RM013,No,670,26,31,2911,Upto 5k,15170,1,No,17,3,1,5,1,5,2,4,3.0
RM059,No,655,7,48,5915,5k-10k,9528,3,No,22,4,1,10,3,7,7,1,7.0
RM073,No,1082,1,87,2501,Upto 5k,18775,1,No,17,3,0,1,4,1,1,1,
RM076,No,746,8,61,4424,Upto 5k,20682,1,No,23,4,0,11,2,11,7,1,
RM125,Yes,249,6,76,6172,5k-10k,20739,4,Yes,18,3,0,12,3,7,7,7,7.0
RM133,Yes,542,20,71,4559,Upto 5k,24788,3,Yes,11,3,1,4,2,2,2,2,2.0
RM181,No,140,12,95,3929,Upto 5k,6984,8,Yes,23,4,1,7,0,4,2,0,2.0
RM225,No,979,1,90,4345,Upto 5k,4381,0,No,12,3,1,6,2,5,4,1,4.0
RM246,No,1327,3,73,13675,10k-15k,13523,9,No,12,3,1,9,3,2,2,2,2.0
RM260,Yes,307,29,71,3479,Upto 5k,11652,0,No,11,3,0,6,2,5,4,1,4.0
RM267,No,1463,23,64,5582,5k-10k,14408,0,No,21,4,1,10,2,9,0,7,8.0
RM293,No,444,5,84,2789,Upto 5k,3909,1,No,11,3,1,2,5,2,2,2,2.0
RM304,No,218,7,100,6929,5k-10k,12241,4,No,11,3,1,10,3,8,7,7,7.0
RM310,No,691,5,86,4821,Upto 5k,10077,0,Yes,12,3,1,6,4,5,2,0,3.0
RM311,No,106,2,62,6410,5k-10k,17822,3,No,12,3,0,9,1,2,2,1,0.0
RM313,No,192,2,32,2695,Upto 5k,7747,0,Yes,18,3,1,3,2,2,2,2,2.0
RM322,No,691,7,73,7547,5k-10k,7143,4,No,12,3,3,13,3,7,7,1,7.0
RM326,No,798,7,48,8943,5k-10k,14034,1,No,24,4,1,10,2,10,9,8,9.0
RM343,No,1232,7,39,7143,5k-10k,25713,1,Yes,14,3,0,11,2,11,9,4,10.0
RM370,No,408,9,42,2657,Upto 5k,7551,0,Yes,16,3,0,3,5,2,2,2,2.0
RM395,No,480,7,31,4306,Upto 5k,4156,1,No,12,3,1,13,5,13,10,3,12.0
RM400,No,329,1,98,2218,Upto 5k,16193,1,No,12,3,1,4,3,4,2,3,2.0
RM435,No,1274,9,33,10648,10k-15k,14394,1,No,25,4,1,13,6,13,8,0,8.0
RM440,Yes,534,20,66,9824,5k-10k,22908,3,No,12,3,0,12,2,1,0,0,0.0
RM451,No,828,2,77,6582,5k-10k,8346,4,Yes,13,3,0,10,2,6,5,0,5.0
RM457,No,688,7,44,11557,10k-15k,25291,9,No,21,4,1,10,3,5,4,0,1.0
RM483,Yes,1365,13,46,4233,Upto 5k,11512,2,No,17,3,0,9,2,3,1,1,2.0
RM485,No,525,6,66,5460,5k-10k,6219,4,No,22,4,2,13,4,7,7,5,7.0
RM645,No,1222,11,48,2356,Upto 5k,14871,3,Yes,19,3,1,8,2,6,4,0,2.0
RM676,No,154,7,41,2329,Upto 5k,11737,3,No,15,3,0,13,2,7,7,5,2.0
RM680,No,1188,20,45,6932,5k-10k,24406,1,No,13,3,1,9,2,9,8,0,0.0
RM691,No,616,12,41,5855,5k-10k,17369,0,Yes,11,3,2,10,2,9,7,8,5.0
RM710,Yes,335,9,46,2321,Upto 5k,10322,0,Yes,22,4,0,4,0,3,2,1,2.0
RM727,No,853,1,96,4148,Upto 5k,11275,1,No,12,3,1,4,1,4,3,0,3.0
RM819,No,793,20,67,2791,Upto 5k,21981,0,No,12,3,1,3,4,2,2,2,2.0
RM832,Yes,874,15,72,2610,Upto 5k,6233,1,No,12,3,1,2,5,2,2,2,2.0
RM896,No,1332,11,80,6833,5k-10k,17089,1,Yes,12,3,0,6,2,6,5,0,1.0
RM897,No,1062,24,96,6812,5k-10k,17198,1,No,19,3,0,10,2,10,9,1,8.0
RM951,No,587,2,57,9852,5k-10k,8935,1,Yes,19,3,1,10,5,10,8,9,6.0
RM953,Yes,1060,1,54,2302,Upto 5k,8319,1,Yes,11,3,0,3,2,3,2,2,2.0
RM981,Yes,703,2,90,2785,Upto 5k,11882,7,No,14,3,0,3,3,1,0,0,0.0
RM986,Yes,330,22,98,6179,5k-10k,21057,1,Yes,15,3,2,10,3,10,2,6,7.0
RM1013,Yes,667,1,50,1359,Upto 5k,16154,1,No,12,3,0,1,3,1,0,0,0.0
RM1015,No,182,8,93,16422,15k+,8847,3,No,11,3,0,9,3,3,2,1,0.0
RM1017,Yes,202,8,34,1261,Upto 5k,22262,1,No,12,3,0,1,3,1,0,0,0.0
RM1031,No,326,8,31,10793,10k-15k,8386,1,No,18,3,1,13,5,13,7,9,9.0
RM1034,Yes,1445,1,100,7446,5k-10k,8931,1,No,11,3,0,10,2,10,8,4,7.0
RM1036,No,1398,8,96,2109,Upto 5k,24609,9,No,18,3,0,8,3,3,2,0,2.0
RM1037,Yes,523,2,94,3722,Upto 5k,21081,6,Yes,13,3,1,7,2,2,2,2,2.0
RM1086,Yes,561,3,33,4084,Upto 5k,4156,1,No,12,3,0,7,2,7,2,7,7.0
RM1145,No,715,2,54,5332,5k-10k,21602,7,No,13,3,0,10,3,5,2,0,3.0
RM1192,No,1112,5,67,5476,5k-10k,22589,1,No,11,3,2,10,2,10,0,0,2.0
RM1228,No,741,2,69,3477,Upto 5k,18103,1,No,14,3,1,6,2,5,2,0,3.0
RM1240,No,163,24,30,5238,5k-10k,6670,2,No,20,4,0,9,3,5,4,1,4.0
RM1248,No,1003,5,51,8346,5k-10k,20943,1,No,19,3,1,6,3,5,2,0,2.0
RM1258,Yes,1079,16,70,8161,5k-10k,19002,2,No,13,3,3,10,2,1,0,0,0.0
RM1275,No,196,29,91,5468,5k-10k,13402,1,No,14,3,2,13,3,12,7,5,7.0
RM1307,No,1125,7,68,9637,5k-10k,8277,2,No,14,3,2,9,3,3,2,2,2.0
RM1313,Yes,359,18,89,2956,Upto 5k,21495,0,No,17,3,0,2,4,1,0,0,0.0
RM1342,No,311,20,89,4197,Upto 5k,18624,1,No,11,3,1,10,2,10,8,0,2.0
RM1359,No,1079,10,86,6583,5k-10k,20115,2,Yes,11,3,1,8,2,5,2,1,4.0
RM1361,No,471,4,62,3978,Upto 5k,16031,8,No,12,3,1,4,0,2,2,2,2.0
RM1383,No,976,3,48,3065,Upto 5k,3995,1,Yes,13,3,1,4,3,4,2,2,3.0
RM1390,No,1125,1,48,5003,5k-10k,5771,1,No,21,4,0,10,6,10,8,8,7.0
RM1396,Yes,754,26,63,5617,5k-10k,21075,1,Yes,11,3,0,10,4,10,7,0,8.0
RM1403,No,1276,2,59,1129,Upto 5k,17536,1,Yes,11,3,3,1,4,1,0,0,0.0
RM1406,No,697,10,40,11031,10k-15k,26862,4,No,20,4,1,13,2,11,7,4,8.0
RM1418,No,1154,2,54,3067,Upto 5k,6393,0,No,19,3,1,3,1,2,2,1,2.0
RM1464,No,325,5,74,9936,5k-10k,3787,0,No,19,3,0,10,2,9,4,1,7.0
RM1464,No,325,5,74,9936,5k-10k,3787,0,No,19,3,0,10,2,9,4,1,7.0
RM006,No,1005,2,79,3068,Upto 5k,11864,0,No,13,3,0,8,2,7,7,3,6.0
RM017,No,334,5,80,3298,Upto 5k,15053,0,Yes,12,3,2,7,5,6,2,0,5.0
RM027,Yes,1125,16,72,3919,Upto 5k,4681,1,Yes,22,4,0,10,5,10,2,6,
RM061,No,427,1,33,6162,5k-10k,10877,1,Yes,22,4,1,9,3,9,8,7,8.0
RM074,No,548,1,66,6220,5k-10k,7346,1,No,17,3,2,10,3,10,4,0,
RM095,No,1093,6,87,5010,5k-10k,24301,1,No,16,3,0,12,0,11,8,5,7.0
RM102,No,827,1,71,2956,Upto 5k,15178,1,No,13,3,0,1,2,1,0,0,0.0
RM141,Yes,1033,9,41,4200,Upto 5k,10224,7,No,22,4,0,10,2,5,4,0,
RM145,No,689,9,35,4668,Upto 5k,22812,0,No,17,3,3,9,2,8,7,0,
RM155,No,967,8,43,8998,5k-10k,15589,1,No,14,3,0,9,2,9,8,3,7.0
RM170,No,120,6,43,3038,Upto 5k,12430,3,No,20,4,0,8,2,5,4,1,4.0
RM211,Yes,1045,4,32,10400,10k-15k,25812,1,No,11,3,0,14,2,14,8,9,
RM239,No,1401,4,56,3931,Upto 5k,20990,2,No,11,3,1,6,5,4,3,1,2.0
RM240,Yes,515,1,62,3730,Upto 5k,9571,0,Yes,14,3,0,4,2,3,2,1,2.0
RM242,No,976,26,100,4465,Upto 5k,12069,0,No,18,3,0,4,2,3,2,2,2.0
RM261,No,1311,7,100,2794,Upto 5k,26062,1,No,20,4,0,5,3,5,1,0,3.0
RM263,No,128,2,84,2176,Upto 5k,19737,4,No,13,3,0,9,5,6,2,0,4.0
RM307,No,906,7,91,5484,5k-10k,16985,1,No,14,3,1,13,3,13,8,4,8.0
RM320,No,588,8,65,5228,5k-10k,24624,1,Yes,11,3,0,13,2,13,12,11,9.0
RM323,No,1018,2,74,5055,5k-10k,10557,7,No,16,3,0,10,0,7,7,0,7.0
RM352,No,1062,2,75,2370,Upto 5k,3956,1,No,13,3,1,8,4,8,0,0,7.0
RM470,Yes,1474,11,60,4707,Upto 5k,23914,8,No,12,3,0,6,2,4,2,1,2.0
RM501,No,646,9,92,6322,5k-10k,18089,1,Yes,12,3,1,6,2,6,4,0,5.0
RM528,No,929,10,55,5396,5k-10k,21703,1,No,12,3,0,10,2,10,7,0,8.0
RM532,No,1018,3,39,11159,10k-15k,19373,3,No,15,3,0,10,6,7,7,7,7.0
RM559,No,430,24,80,5309,5k-10k,21146,1,No,15,3,2,10,2,10,8,4,7.0
RM601,No,859,4,98,6162,5k-10k,19124,1,No,12,3,1,14,3,14,13,6,8.0
RM623,No,117,13,73,4403,Upto 5k,9250,2,No,11,3,1,8,3,5,2,0,3.0
RM627,No,638,8,91,5175,5k-10k,22162,5,No,12,3,1,9,3,5,3,1,3.0
RM638,No,300,1,61,2314,Upto 5k,9148,0,No,12,3,1,4,2,3,0,0,2.0
RM642,No,379,5,48,6524,5k-10k,8891,1,No,14,3,1,10,3,10,8,5,3.0
RM657,Yes,374,25,87,2795,Upto 5k,18016,1,Yes,24,4,0,1,2,1,0,0,1.0
RM683,No,1184,1,70,2332,Upto 5k,3974,6,No,20,4,0,5,3,3,0,0,2.0
RM693,No,498,3,93,6725,5k-10k,13554,1,No,12,3,1,8,2,8,7,6,3.0
RM757,No,1109,29,69,4025,Upto 5k,11135,9,No,12,3,0,10,2,8,7,7,7.0
RM851,No,862,2,76,2827,Upto 5k,14947,1,No,12,3,3,1,3,1,0,0,0.0
RM881,No,116,13,77,2743,Upto 5k,7331,1,No,20,4,1,2,2,2,2,2,2.0
RM882,No,1316,2,38,4998,Upto 5k,2338,4,Yes,14,3,0,10,2,8,7,0,7.0
RM936,No,604,8,56,6209,5k-10k,11693,1,No,15,3,2,10,4,10,7,0,8.0
RM940,Yes,1089,7,79,4883,Upto 5k,22845,1,No,18,3,1,10,3,10,4,1,1.0
RM992,No,499,2,36,4078,Upto 5k,20497,0,Yes,13,3,3,4,3,3,2,1,2.0
RM1027,No,601,7,97,9204,5k-10k,23343,4,No,12,3,1,7,3,4,3,0,3.0
RM1076,No,495,10,64,11244,10k-15k,21072,2,No,25,4,0,10,5,5,2,0,0.0
RM1102,No,824,5,67,5878,5k-10k,15624,3,No,12,3,1,12,2,7,1,2,5.0
RM1114,No,1200,1,62,4087,Upto 5k,25174,4,No,14,3,1,9,3,6,5,1,2.0
RM1140,No,634,5,35,3312,Upto 5k,18783,3,No,17,3,2,6,3,3,2,0,2.0
RM1191,No,977,2,45,5470,5k-10k,25518,0,No,13,3,2,10,4,9,5,1,6.0
RM1206,Yes,1259,2,95,1393,Upto 5k,24852,1,No,12,3,0,1,2,1,0,0,0.0
RM1227,No,585,10,56,3433,Upto 5k,17360,6,No,13,3,1,10,3,5,2,1,3.0
RM1238,Yes,964,1,34,6735,5k-10k,12147,6,No,15,3,0,10,2,0,0,0,0.0
RM1242,No,371,19,80,9610,5k-10k,3840,3,No,13,3,1,10,2,4,3,0,2.0
RM1261,No,953,5,65,2718,Upto 5k,17674,2,No,14,3,0,12,3,7,7,0,7.0
RM1320,No,1318,10,79,4648,Upto 5k,26075,8,No,13,3,0,4,2,0,0,0,0.0
RM1327,Yes,414,2,82,9907,5k-10k,26186,7,Yes,12,3,0,7,3,2,2,2,2.0
RM1376,Yes,238,5,47,2432,Upto 5k,15318,3,Yes,14,3,0,8,2,4,1,0,3.0
RM1389,No,1146,15,34,6667,5k-10k,16542,5,No,18,3,1,9,6,5,1,1,2.0
RM1395,No,1373,5,56,9679,5k-10k,10138,8,No,24,4,0,8,1,1,0,0,0.0
RM1427,No,267,29,49,2837,Upto 5k,15919,1,No,13,3,0,6,3,6,2,4,1.0
RM1429,No,234,1,68,2269,Upto 5k,18024,0,No,14,3,1,3,2,2,2,2,2.0
RM1432,No,801,1,48,10422,10k-15k,24032,1,No,19,3,2,14,3,14,10,5,7.0
RM1450,No,529,2,78,2439,Upto 5k,11288,1,No,14,3,0,4,4,4,2,1,2.0
RM004,No,1392,3,56,2909,Upto 5k,23159,1,Yes,11,3,0,8,3,8,7,3,0.0
RM031,No,924,2,78,2496,Upto 5k,6670,4,No,11,3,0,7,3,1,1,0,
RM040,No,1141,1,42,5376,5k-10k,3193,2,No,19,3,2,10,3,5,3,1,3.0
RM056,No,515,1,98,13458,10k-15k,15146,1,Yes,12,3,0,15,1,15,14,8,12.0
RM122,No,750,22,95,6146,5k-10k,15480,0,No,13,3,1,8,2,7,7,0,7.0
RM177,No,134,2,90,2500,Upto 5k,10515,0,No,14,3,0,4,2,3,1,0,2.0
RM186,No,931,14,72,2756,Upto 5k,4673,1,No,13,3,1,8,5,8,7,1,6.0
RM222,No,147,4,47,2622,Upto 5k,13248,6,No,21,4,0,7,3,3,2,1,1.0
RM235,Yes,813,14,58,2436,Upto 5k,22149,5,Yes,13,3,1,8,2,5,4,0,4.0
RM237,Yes,465,2,39,2707,Upto 5k,21509,7,No,20,4,0,13,3,9,7,1,7.0
RM247,No,832,5,63,2911,Upto 5k,14776,1,No,13,3,1,2,2,2,2,0,2.0
RM314,No,553,5,74,11878,10k-15k,23364,6,No,11,3,2,12,2,10,6,8,8.0
RM329,No,508,10,46,4682,Upto 5k,4317,3,No,14,3,0,9,6,7,7,0,1.0
RM364,Yes,350,5,34,2851,Upto 5k,9150,1,Yes,13,3,0,1,2,1,0,0,0.0
RM436,Yes,1277,15,56,13610,10k-15k,24619,7,Yes,12,3,0,15,2,7,6,7,7.0
RM437,Yes,587,10,38,3408,Upto 5k,6705,7,No,13,3,3,8,2,4,3,1,3.0
RM456,No,922,1,95,16184,15k+,22578,4,No,19,3,1,10,2,6,1,0,5.0
RM500,No,1216,8,39,7104,5k-10k,20431,0,No,12,3,0,6,3,5,0,1,2.0
RM510,No,1296,6,30,7725,5k-10k,5335,3,No,23,4,1,15,2,13,11,4,7.0
RM515,Yes,1076,3,70,3348,Upto 5k,3164,1,Yes,11,3,0,10,3,10,8,9,7.0
RM563,Yes,527,1,63,2686,Upto 5k,5207,1,Yes,13,3,0,10,2,10,9,7,8.0
RM591,No,213,7,49,11691,10k-15k,25995,0,No,11,3,0,14,3,13,9,3,7.0
RM592,Yes,118,16,69,5324,5k-10k,26507,5,No,15,3,0,6,3,3,2,0,2.0
RM620,No,586,1,48,4037,Upto 5k,21816,1,No,22,4,1,9,5,9,8,0,8.0
RM656,No,1075,3,57,2277,Upto 5k,22650,3,Yes,11,3,1,7,4,4,3,0,3.0
RM674,No,1198,1,100,2799,Upto 5k,3339,3,Yes,11,3,0,6,1,3,2,0,2.0
RM695,No,1069,1,42,6949,5k-10k,12291,0,No,14,3,0,6,3,5,0,1,4.0
RM711,No,722,17,38,17444,15k+,20489,1,No,11,3,0,10,2,10,8,6,0.0
RM713,No,461,13,53,3452,Upto 5k,17241,3,No,18,3,0,5,4,3,2,0,2.0
RM716,No,827,1,84,5488,5k-10k,20161,1,Yes,13,3,1,6,2,6,5,1,2.0
RM755,No,1038,8,88,2342,Upto 5k,21437,0,No,19,3,0,3,2,2,2,2,2.0
RM791,No,654,5,34,7119,5k-10k,21214,4,No,15,3,1,9,2,3,2,1,2.0
RM793,Yes,827,29,54,4508,Upto 5k,3129,1,No,22,4,0,14,4,13,7,3,8.0
RM799,Yes,1017,25,55,2313,Upto 5k,2993,4,Yes,20,4,0,5,0,2,2,2,2.0
RM803,No,970,7,30,4302,Upto 5k,13401,0,No,17,3,1,4,3,3,2,0,2.0
RM830,Yes,603,9,77,8224,5k-10k,18385,0,Yes,17,3,0,6,3,5,2,0,3.0
RM864,No,147,2,99,3600,Upto 5k,8429,1,No,13,3,1,5,2,5,4,1,4.0
RM873,No,1146,25,82,4539,Upto 5k,4905,1,No,12,3,1,10,3,10,7,0,1.0
RM884,No,117,9,60,2781,Upto 5k,6311,0,No,13,3,1,15,5,14,10,4,10.0
RM909,No,536,10,82,8380,5k-10k,21708,0,Yes,14,3,2,10,3,9,8,0,8.0
RM991,No,1111,5,61,9998,5k-10k,19293,6,No,13,3,0,8,2,5,4,1,2.0
RM1048,No,430,7,54,4373,Upto 5k,17456,0,No,14,3,2,5,2,4,3,0,3.0
RM1067,No,1099,4,82,3838,Upto 5k,8192,8,No,11,3,0,8,5,5,4,0,2.0
RM1075,No,516,8,69,6388,5k-10k,22049,2,Yes,17,3,0,14,6,0,0,0,0.0
RM1092,No,575,25,44,4320,Upto 5k,24152,1,No,13,3,0,5,2,5,3,0,2.0
RM1096,No,589,28,79,5207,5k-10k,22949,1,Yes,12,3,1,15,3,15,14,5,7.0
RM1106,No,1242,8,46,6392,5k-10k,10589,2,No,13,3,1,8,6,2,2,2,2.0
RM1190,No,392,2,93,5505,5k-10k,3921,1,No,14,3,2,6,5,6,2,0,4.0
RM1199,No,530,16,36,5368,5k-10k,16130,1,Yes,25,4,1,7,2,6,5,1,2.0
RM1211,No,267,21,79,2028,Upto 5k,13637,1,No,18,3,3,14,6,14,11,2,13.0
RM1254,No,1283,2,62,5147,5k-10k,10697,8,No,15,3,0,13,2,11,7,1,7.0
RM1256,Yes,211,16,74,8564,5k-10k,10092,2,Yes,20,4,0,11,2,0,0,0,0.0
RM1266,No,775,4,90,3055,Upto 5k,6194,5,No,15,3,2,11,2,9,8,1,7.0
RM1283,No,867,8,90,3143,Upto 5k,6076,6,No,19,3,1,14,1,10,8,7,6.0
RM1364,No,217,10,43,5487,5k-10k,10410,1,No,14,3,0,10,2,10,4,0,9.0
RM1399,No,1303,7,36,5968,5k-10k,18079,1,No,20,4,3,9,2,9,7,2,8.0
RM1416,No,1313,1,59,2008,Upto 5k,20439,1,No,12,3,3,1,2,1,1,0,0.0
RM1426,No,501,15,95,4878,Upto 5k,21653,0,Yes,13,3,1,10,6,9,7,8,1.0
RM014,No,1346,19,93,2661,Upto 5k,8758,0,No,11,3,1,3,2,2,2,1,2.0
RM023,No,419,7,53,11994,10k-15k,21293,0,No,11,3,0,13,4,12,6,2,
RM025,Yes,699,6,83,2960,Upto 5k,17102,2,No,11,3,0,8,2,4,2,1,
RM047,No,1065,23,72,4568,Upto 5k,10034,0,No,20,4,0,10,2,9,5,8,7.0
RM085,No,1153,1,94,4325,Upto 5k,17736,1,No,15,3,0,5,2,5,2,1,3.0
RM104,No,665,6,41,4809,Upto 5k,12482,1,No,14,3,0,16,3,16,13,2,10.0
RM112,Yes,658,7,66,6074,5k-10k,22887,1,Yes,24,4,0,9,3,9,7,0,6.0
RM115,No,1031,6,45,4505,Upto 5k,15000,6,No,15,3,1,12,3,1,0,0,0.0
RM117,No,1354,5,45,11631,10k-15k,5615,2,No,12,3,0,14,6,11,10,5,8.0
RM160,No,303,2,75,2231,Upto 5k,11314,6,No,18,3,1,6,3,4,3,1,2.0
RM182,No,629,27,95,2311,Upto 5k,5711,2,No,15,3,0,9,3,3,2,1,2.0
RM189,No,1069,2,45,9547,5k-10k,14074,1,No,17,3,0,10,2,10,9,1,9.0
RM203,No,878,10,43,3815,Upto 5k,5972,1,Yes,17,3,1,5,4,5,3,2,0.0
RM248,No,470,2,84,5957,5k-10k,23687,6,No,13,3,1,13,3,11,9,5,9.0
RM379,Yes,1362,19,67,5304,5k-10k,4652,8,Yes,13,3,0,9,3,5,2,0,4.0
RM394,No,1381,4,72,6538,5k-10k,12740,9,No,15,3,1,6,3,3,2,1,2.0
RM416,Yes,296,6,33,2351,Upto 5k,12253,0,No,16,3,1,3,3,2,2,1,0.0
RM433,No,1303,2,62,2768,Upto 5k,8416,3,No,12,3,1,14,3,7,3,5,7.0
RM441,Yes,988,23,43,9950,5k-10k,11533,9,Yes,15,3,3,11,2,3,2,0,2.0
RM463,No,258,21,74,5337,5k-10k,19921,1,No,12,3,0,10,3,10,7,5,7.0
RM482,No,254,1,83,3622,Upto 5k,22794,1,Yes,13,3,1,6,3,6,5,1,3.0
RM495,No,204,14,31,2579,Upto 5k,2912,1,Yes,18,3,2,8,3,8,2,0,6.0
RM504,No,1397,1,42,2691,Upto 5k,7660,1,No,12,3,1,10,4,10,9,8,8.0
RM525,No,1442,9,46,8621,5k-10k,17654,1,No,14,3,0,9,3,8,7,7,7.0
RM550,No,970,8,96,6142,5k-10k,7360,3,No,11,3,0,10,2,5,1,4,3.0
RM561,No,167,8,32,5121,5k-10k,4187,3,No,14,3,1,7,3,0,0,0,0.0
RM568,No,304,2,60,6274,5k-10k,18686,1,No,22,4,0,6,5,6,5,1,4.0
RM575,No,182,1,72,3280,Upto 5k,13551,2,No,16,3,0,10,2,4,2,1,3.0
RM580,No,121,2,86,4381,Upto 5k,7530,1,No,11,3,0,6,3,6,5,1,3.0
RM584,No,1111,8,93,6500,5k-10k,13305,5,No,17,3,1,6,1,3,2,1,2.0
RM607,No,702,16,100,2553,Upto 5k,8306,1,No,16,3,0,6,3,5,2,1,3.0
RM614,No,829,3,88,3737,Upto 5k,2243,0,No,19,3,1,4,1,3,2,0,2.0
RM672,No,546,10,83,2008,Upto 5k,6896,1,No,14,3,2,1,3,1,0,1,0.0
RM758,No,216,1,75,9725,5k-10k,12278,0,No,11,3,1,16,2,15,1,0,9.0
RM764,No,1333,10,87,2220,Upto 5k,18410,1,Yes,19,3,1,1,2,1,1,0,0.0
RM795,No,618,3,45,7756,5k-10k,22266,0,No,17,3,0,7,1,6,2,0,4.0
RM804,No,697,3,40,2979,Upto 5k,22478,3,No,17,3,3,6,2,0,0,0,0.0
RM823,No,1003,2,95,4033,Upto 5k,15834,2,No,11,3,0,5,3,3,2,0,2.0
RM835,No,1400,9,70,5714,5k-10k,5829,1,No,20,4,0,6,3,6,5,1,3.0
RM848,No,669,1,97,5343,5k-10k,25755,0,No,20,4,0,14,3,13,9,4,9.0
RM907,No,1320,20,89,2585,Upto 5k,21643,0,No,17,3,0,2,5,1,0,0,0.0
RM918,No,131,2,86,4538,Upto 5k,6039,0,Yes,12,3,0,4,3,3,2,0,2.0
RM921,No,135,19,46,4444,Upto 5k,22534,4,No,13,3,2,15,2,11,8,5,10.0
RM924,No,648,11,56,4490,Upto 5k,21833,4,No,11,3,2,14,5,10,9,1,8.0
RM959,No,943,9,86,8500,5k-10k,5494,0,No,11,3,1,10,0,9,7,1,6.0
RM965,No,507,15,66,6125,5k-10k,23553,1,No,12,3,0,10,6,10,8,9,6.0
RM978,No,999,26,92,2029,Upto 5k,15891,1,No,20,4,3,5,2,5,4,0,0.0
RM980,No,285,29,86,5429,5k-10k,17491,4,No,13,3,2,10,1,8,7,7,7.0
RM984,No,404,2,98,6687,5k-10k,6163,1,No,11,3,0,14,2,14,11,4,11.0
RM1016,No,560,1,91,2996,Upto 5k,20284,5,No,14,3,2,10,2,4,3,1,3.0
RM1028,No,401,1,86,3294,Upto 5k,3708,5,No,17,3,1,7,2,5,4,0,2.0
RM1040,Yes,1107,9,52,2742,Upto 5k,3072,1,No,15,3,0,2,0,2,2,2,2.0
RM1049,No,1326,3,81,4759,Upto 5k,15891,3,No,18,3,0,15,2,13,9,3,12.0
RM1056,No,829,15,71,17007,15k+,11929,7,No,14,3,2,16,3,14,8,6,9.0
RM1059,Yes,790,24,40,4599,Upto 5k,7815,0,Yes,23,4,0,16,2,15,9,10,10.0
RM1085,No,971,1,64,7083,5k-10k,12288,1,Yes,14,3,0,10,3,10,9,8,6.0
RM1088,No,1440,7,55,2308,Upto 5k,4944,0,Yes,25,4,1,12,4,11,10,5,7.0
RM1116,No,479,7,35,2972,Upto 5k,22061,1,No,13,3,0,1,4,1,0,0,0.0
RM1118,No,1351,1,45,5484,5k-10k,13008,9,No,17,3,1,9,3,2,2,2,1.0
RM1132,No,653,10,92,5063,5k-10k,15332,1,No,14,3,1,8,3,8,2,7,7.0
RM1147,No,426,10,42,4724,Upto 5k,17000,1,No,13,3,1,9,3,9,7,7,2.0
RM1180,No,1130,3,66,5433,5k-10k,19332,1,No,12,3,1,11,2,11,8,7,9.0
RM1209,No,1157,5,57,3986,Upto 5k,11912,1,No,14,3,1,15,3,15,10,4,13.0
RM1213,No,678,19,35,2929,Upto 5k,20338,1,No,12,3,0,10,3,10,9,8,7.0
RM1253,No,181,2,97,2932,Upto 5k,5586,0,Yes,14,3,3,6,3,5,0,1,2.0
RM1268,No,1375,10,87,4001,Upto 5k,12313,1,Yes,14,3,1,15,3,15,14,0,7.0
RM1271,No,511,3,32,6029,5k-10k,25353,5,No,12,3,0,6,3,2,2,2,2.0
RM1291,Yes,234,9,93,5346,5k-10k,6208,4,No,17,3,1,11,3,7,1,0,7.0
RM1301,No,810,8,92,6799,5k-10k,22128,1,No,21,4,2,10,5,10,8,4,8.0
RM1343,No,1480,4,64,9713,5k-10k,24444,2,Yes,13,3,3,9,3,5,3,1,0.0
RM1354,Yes,967,16,85,2307,Upto 5k,14460,1,Yes,23,4,1,5,2,5,2,3,0.0
RM1360,No,735,3,75,8103,5k-10k,16495,3,Yes,12,3,0,9,3,4,2,0,1.0
RM1369,No,735,22,86,5747,5k-10k,26496,1,Yes,15,3,0,16,3,15,10,6,11.0
RM1385,No,937,1,32,9888,5k-10k,6770,1,No,21,4,0,14,3,14,8,2,1.0
RM1386,No,1239,13,39,8628,5k-10k,22914,1,No,18,3,1,9,2,8,7,1,1.0
RM1447,No,704,28,95,6712,5k-10k,8978,1,No,21,4,2,8,2,8,7,1,7.0
RM1470,No,628,8,82,4404,Upto 5k,10228,2,No,12,3,0,6,3,4,3,1,2.0
RM1470,No,628,8,82,4404,Upto 5k,10228,2,No,12,3,0,6,3,4,3,1,2.0
RM011,No,809,16,84,2426,Upto 5k,16479,0,No,13,3,1,6,5,5,4,0,3.0
RM038,No,890,2,97,2014,Upto 5k,9687,1,No,13,3,0,2,3,2,2,2,2.0
RM041,No,464,4,75,1951,Upto 5k,10910,1,No,12,3,1,1,3,1,0,0,0.0
RM050,No,1229,8,36,2269,Upto 5k,4892,1,No,19,3,0,1,2,1,0,0,1.0
RM054,No,1097,11,79,9884,5k-10k,8302,2,Yes,13,3,1,10,3,4,0,2,3.0
RM057,No,853,18,71,9069,5k-10k,11031,1,No,22,4,1,9,3,9,8,1,8.0
RM058,No,1142,23,30,4014,Upto 5k,16002,3,Yes,15,3,1,4,3,2,2,2,2.0
RM069,No,664,1,79,2194,Upto 5k,5868,4,No,13,3,1,5,2,3,2,1,2.0
RM077,No,776,1,32,4312,Upto 5k,23016,0,No,14,3,0,16,2,15,13,2,
RM082,No,1214,1,30,2859,Upto 5k,26278,1,No,18,3,0,6,3,6,4,0,4.0
RM152,No,662,1,94,7295,5k-10k,11439,1,No,13,3,2,10,3,10,8,0,6.0
RM193,Yes,556,23,50,5916,5k-10k,15497,3,Yes,13,3,0,8,1,1,0,0,1.0
RM197,No,138,2,37,4425,Upto 5k,15986,5,No,11,3,0,10,5,6,2,1,2.0
RM229,No,944,1,92,8789,5k-10k,9096,1,No,14,3,0,10,3,10,7,0,8.0
RM277,No,1315,22,71,11996,10k-15k,19100,7,No,18,3,1,10,6,7,7,6,2.0
RM298,No,1232,16,96,8020,5k-10k,5100,0,No,15,3,2,12,3,11,9,6,9.0
RM345,No,1296,5,62,8095,5k-10k,18264,0,No,13,3,0,17,5,16,6,0,13.0
RM373,No,755,9,97,6540,5k-10k,19394,9,No,19,3,0,10,5,1,1,0,0.0
RM431,No,144,22,46,4230,Upto 5k,19225,0,No,15,3,0,6,2,5,4,4,3.0
RM439,No,1276,16,72,7632,5k-10k,14295,4,Yes,12,3,0,10,2,8,7,0,0.0
RM448,No,619,1,85,4717,Upto 5k,18659,9,No,11,3,0,15,2,11,9,6,9.0
RM462,No,195,1,80,4859,Upto 5k,6698,1,No,16,3,0,5,3,5,4,0,3.0
RM484,No,538,25,54,3681,Upto 5k,14004,4,No,14,3,0,9,3,3,2,0,2.0
RM509,No,1017,6,82,6646,5k-10k,19368,1,No,13,3,0,17,3,17,11,11,8.0
RM516,No,727,3,41,1281,Upto 5k,16900,1,No,18,3,2,1,3,1,0,0,0.0
RM558,No,1225,2,61,5093,5k-10k,4761,2,No,11,3,1,16,2,1,0,0,0.0
RM581,No,384,8,72,2572,Upto 5k,20317,1,No,16,3,1,3,1,3,2,0,2.0
RM597,No,1258,1,40,2506,Upto 5k,13301,3,No,13,3,0,7,0,2,2,2,2.0
RM612,No,950,7,59,10221,10k-15k,18869,3,No,21,4,0,17,3,8,5,1,6.0
RM621,No,1343,27,53,2559,Upto 5k,17852,1,No,11,3,0,6,3,6,5,1,1.0
RM636,No,607,9,66,10685,10k-15k,23457,1,Yes,20,4,1,17,2,17,14,5,15.0
RM637,Yes,130,25,96,2022,Upto 5k,16612,1,Yes,19,3,1,10,3,10,2,7,8.0
RM648,No,672,25,78,10903,10k-15k,9129,3,No,16,3,0,16,2,13,10,4,8.0
RM677,No,1137,21,51,4014,Upto 5k,19170,1,Yes,25,4,1,10,2,10,6,0,7.0
RM699,No,1219,18,86,4601,Upto 5k,6179,1,No,16,3,0,5,3,5,2,1,0.0
RM705,No,882,3,92,7823,5k-10k,6812,6,No,13,3,1,12,2,10,9,0,8.0
RM726,Yes,622,14,39,3743,Upto 5k,10074,1,Yes,24,4,1,5,2,4,2,0,2.0
RM730,No,583,25,57,10388,10k-15k,6975,1,Yes,11,3,1,16,3,16,10,10,1.0
RM741,No,802,10,45,3917,Upto 5k,9541,1,No,20,4,1,3,4,3,2,1,2.0
RM792,Yes,1204,4,86,9582,5k-10k,10333,0,Yes,22,4,0,9,2,8,7,4,7.0
RM821,No,1182,11,54,4968,Upto 5k,18500,1,No,11,3,1,5,3,5,2,0,2.0
RM836,No,528,8,100,4323,Upto 5k,7108,1,No,17,3,0,6,2,5,4,1,4.0
RM841,No,982,1,58,2258,Upto 5k,16340,6,No,12,3,1,10,2,8,0,1,7.0
RM847,No,819,2,44,10274,10k-15k,19588,2,No,18,3,1,15,2,7,7,6,4.0
RM849,No,636,4,47,2376,Upto 5k,26537,1,No,13,3,1,2,2,2,2,2,2.0
RM871,No,1361,17,94,8966,5k-10k,21026,3,Yes,15,3,3,15,2,7,7,1,7.0
RM889,No,1212,8,78,10377,10k-15k,13755,4,Yes,11,3,1,16,6,13,2,4,12.0
RM925,No,735,6,66,3506,Upto 5k,6020,0,Yes,14,3,0,4,3,3,2,2,2.0
RM962,No,482,4,87,4249,Upto 5k,2690,1,Yes,11,3,0,9,3,9,6,1,1.0
RM974,No,817,1,60,5363,5k-10k,10846,0,No,12,3,1,10,0,9,7,0,0.0
RM982,Yes,662,18,67,4614,Upto 5k,23288,0,Yes,18,3,1,5,0,4,2,3,2.0
RM1003,No,200,18,60,9362,5k-10k,19944,2,No,11,3,0,10,2,2,2,2,2.0
RM1060,No,660,7,76,2404,Upto 5k,16192,1,No,13,3,1,1,3,1,0,0,0.0
RM1082,No,1029,16,91,8606,5k-10k,21195,1,No,19,3,0,11,3,11,8,3,3.0
RM1101,No,1402,28,98,2430,Upto 5k,26204,0,No,23,4,2,6,5,5,3,4,2.0
RM1109,No,992,1,68,2450,Upto 5k,21731,1,No,19,3,0,3,3,3,0,1,2.0
RM1111,Yes,104,2,69,2074,Upto 5k,26619,1,Yes,12,3,1,1,2,1,0,0,0.0
RM1124,No,670,10,51,6142,5k-10k,4223,3,Yes,16,3,0,10,4,5,2,0,4.0
RM1131,No,750,28,46,3407,Upto 5k,25348,1,No,17,3,2,10,3,10,9,6,8.0
RM1135,No,1349,7,63,2690,Upto 5k,7713,1,No,18,3,1,1,5,1,0,0,1.0
RM1151,No,819,18,48,5208,5k-10k,26312,1,No,11,3,0,16,2,16,15,1,10.0
RM1158,No,208,8,52,4148,Upto 5k,12250,1,No,12,3,1,15,5,14,11,2,9.0
RM1163,Yes,737,10,55,10306,10k-15k,21530,9,No,17,3,0,15,3,13,12,6,0.0
RM1168,Yes,763,15,59,5440,5k-10k,22098,6,Yes,14,3,2,7,2,2,2,2,2.0
RM1187,Yes,880,12,36,4581,Upto 5k,10414,3,Yes,24,4,0,13,2,11,9,6,7.0
RM1216,No,146,2,79,4930,Upto 5k,13970,0,Yes,14,3,0,6,2,5,4,1,4.0
RM1233,No,1370,27,49,6883,5k-10k,5151,2,No,16,3,1,17,3,7,7,0,7.0
RM1282,Yes,303,27,84,5813,5k-10k,13492,1,Yes,18,3,0,10,2,10,7,7,7.0
RM1289,No,1180,2,90,5762,5k-10k,24442,2,No,14,3,1,15,6,7,7,1,7.0
RM1303,No,185,23,91,2705,Upto 5k,9696,0,No,16,3,1,6,2,5,4,0,3.0
RM1346,No,219,16,44,4788,Upto 5k,25388,0,Yes,11,3,0,4,2,3,2,0,2.0
RM1381,No,682,18,71,5561,5k-10k,15975,0,No,16,3,1,6,2,5,3,0,4.0
RM1393,No,1224,7,55,5204,5k-10k,13586,1,Yes,11,3,0,10,2,10,8,0,9.0
RM1423,No,1490,11,43,2660,Upto 5k,20232,7,Yes,11,3,1,5,3,2,2,2,2.0
RM1425,No,1395,9,48,5098,5k-10k,18698,1,No,19,3,0,10,5,10,7,0,8.0
RM1451,No,1146,26,31,8837,5k-10k,16642,1,Yes,16,3,0,9,2,9,0,1,7.0
RM1457,No,1199,18,80,5689,5k-10k,24594,1,Yes,14,3,2,10,2,10,2,0,2.0
RM1459,No,287,1,62,2977,Upto 5k,8952,1,No,12,3,1,4,5,4,3,1,1.0
RM010,No,1299,27,94,5237,5k-10k,16577,6,No,13,3,2,17,3,7,7,7,7.0
RM022,Yes,1218,9,82,3407,Upto 5k,6986,7,No,23,4,0,10,4,5,3,0,3.0
RM039,No,852,5,82,3419,Upto 5k,13072,9,Yes,14,3,1,6,3,1,1,0,0.0
RM065,No,1223,8,59,10096,10k-15k,8202,1,No,13,3,3,17,2,17,14,12,8.0
RM067,No,1195,11,95,6499,5k-10k,22656,1,No,13,3,0,6,3,6,5,0,3.0
RM070,Yes,318,9,79,3388,Upto 5k,21777,0,Yes,17,3,1,2,0,1,0,0,
RM075,No,132,6,55,3038,Upto 5k,22002,3,No,12,3,0,5,3,1,0,0,
RM118,No,1467,11,92,9738,5k-10k,22952,0,No,14,3,1,10,6,9,7,2,8.0
RM119,No,922,3,39,2835,Upto 5k,2561,5,No,22,4,1,7,2,1,0,0,0.0
RM136,No,216,6,84,4941,Upto 5k,2819,6,No,20,4,2,7,0,3,2,0,1.0
RM173,No,1480,3,30,2088,Upto 5k,15062,4,No,12,3,0,13,3,8,7,7,2.0
RM208,No,635,18,73,2153,Upto 5k,7703,1,No,13,3,0,8,2,8,1,1,
RM221,No,1396,5,62,5914,5k-10k,9945,8,No,16,3,0,16,3,13,11,3,7.0
RM270,No,1403,6,47,3210,Upto 5k,20251,0,No,11,3,1,16,4,15,13,10,11.0
RM292,No,506,3,30,4485,Upto 5k,26285,4,No,12,3,0,10,2,8,0,7,7.0
RM299,No,566,18,81,3688,Upto 5k,7122,4,No,18,3,2,4,2,1,0,0,0.0
RM306,No,1105,24,47,5674,5k-10k,6927,7,No,15,3,1,11,3,9,8,0,8.0
RM359,No,845,1,45,6653,5k-10k,15276,4,No,15,3,0,7,6,1,0,0,
RM360,No,541,3,48,9699,5k-10k,7246,4,No,11,3,1,16,2,13,9,1,
RM378,No,329,2,96,2543,Upto 5k,11868,4,No,13,3,1,6,3,2,2,2,2.0
RM385,No,164,2,61,7596,5k-10k,3809,1,No,13,3,2,10,2,10,9,9,0.0
RM443,No,635,10,32,9980,5k-10k,15318,1,No,14,3,0,10,3,10,3,9,7.0
RM512,No,913,9,48,8847,5k-10k,13934,2,Yes,11,3,1,13,2,3,2,0,2.0
RM542,No,427,8,63,11713,10k-15k,20335,9,No,14,3,1,10,2,8,7,0,5.0
RM570,No,1434,8,76,7587,5k-10k,14229,1,No,15,3,0,10,1,10,7,0,9.0
RM594,No,676,1,35,5228,5k-10k,23361,0,No,15,3,1,10,2,9,7,0,5.0
RM600,No,1041,13,36,2143,Upto 5k,25527,4,No,13,3,1,8,2,5,2,0,4.0
RM622,No,928,1,56,6201,5k-10k,2823,1,Yes,14,3,1,18,1,18,14,4,11.0
RM634,No,1278,8,77,2342,Upto 5k,8635,0,No,21,4,0,6,3,5,4,0,3.0
RM665,No,1425,14,68,6586,5k-10k,4821,0,Yes,17,3,1,17,2,16,8,4,11.0
RM681,No,188,7,65,4678,Upto 5k,23293,2,No,18,3,0,8,6,6,2,0,1.0
RM688,No,938,2,79,2519,Upto 5k,12287,4,No,21,4,0,16,6,11,8,3,9.0
RM694,Yes,530,3,51,10325,10k-15k,5518,1,Yes,11,3,1,16,6,16,7,3,7.0
RM709,No,1229,8,84,5079,5k-10k,25952,4,No,13,3,2,12,3,7,7,0,7.0
RM753,Yes,885,16,43,2743,Upto 5k,8269,1,No,16,3,0,18,1,17,13,15,14.0
RM762,Yes,660,15,81,4834,Upto 5k,7858,7,No,14,3,1,9,3,1,0,0,0.0
RM774,No,796,12,51,8858,5k-10k,15669,0,No,11,3,0,15,2,14,8,7,8.0
RM818,No,217,18,78,7779,5k-10k,23238,2,No,20,4,0,18,0,11,9,0,9.0
RM874,No,917,6,60,2741,Upto 5k,6865,1,No,14,3,1,7,4,7,7,1,7.0
RM883,No,363,1,77,10252,10k-15k,4235,2,Yes,21,4,1,17,2,7,7,7,7.0
RM901,No,469,3,46,3692,Upto 5k,9256,1,No,12,3,0,12,2,11,10,0,7.0
RM928,No,429,2,53,5410,5k-10k,2323,9,Yes,11,3,0,18,2,16,14,5,12.0
RM943,No,325,10,63,7094,5k-10k,5747,3,No,12,3,0,10,0,7,7,1,7.0
RM969,No,607,7,83,4639,Upto 5k,2261,2,No,16,3,1,17,2,15,7,6,13.0
RM1012,No,1174,3,99,9278,5k-10k,20763,3,Yes,16,3,0,15,3,5,4,0,1.0
RM1019,No,172,4,37,5810,5k-10k,22604,1,No,16,3,0,10,2,10,4,1,8.0
RM1020,No,329,16,98,5647,5k-10k,13494,4,No,13,3,2,11,3,3,2,0,2.0
RM1103,No,1157,2,70,2644,Upto 5k,17001,3,Yes,21,4,0,7,3,3,2,1,2.0
RM1122,No,884,1,73,6815,5k-10k,21447,6,No,13,3,0,15,5,1,0,0,0.0
RM1129,No,1302,6,80,5562,5k-10k,19711,3,Yes,13,3,1,9,3,3,2,0,2.0
RM1146,No,559,12,76,4663,Upto 5k,12421,9,Yes,12,3,2,7,2,3,2,1,1.0
RM1174,No,711,5,42,8008,5k-10k,22792,4,No,12,3,2,9,6,3,2,0,2.0
RM1181,No,311,7,77,2013,Upto 5k,10950,2,No,11,3,0,15,4,4,3,1,3.0
RM1183,No,894,1,33,4374,Upto 5k,15411,0,No,15,3,0,4,6,3,2,1,2.0
RM1184,No,1040,3,79,6842,5k-10k,26308,6,No,20,4,1,13,3,5,4,0,4.0
RM1200,No,1351,26,80,5347,5k-10k,7419,6,No,14,3,2,10,2,3,2,0,2.0
RM1221,No,530,2,51,4502,Upto 5k,7439,3,No,15,3,0,17,2,13,7,6,7.0
RM1237,Yes,1456,13,96,6134,5k-10k,8658,5,Yes,13,3,3,16,3,2,2,2,2.0
RM1279,No,1383,10,90,8321,5k-10k,25949,7,Yes,13,3,1,15,1,12,8,5,7.0
RM1316,No,430,2,73,6962,5k-10k,19573,4,Yes,22,4,1,15,2,1,0,0,0.0
RM1341,No,1266,10,63,5673,5k-10k,6060,1,Yes,13,3,1,10,4,10,9,1,7.0
RM1348,No,1213,2,94,3886,Upto 5k,4223,1,No,21,4,0,10,2,10,1,0,8.0
RM1356,No,335,17,33,5507,5k-10k,16822,2,No,16,3,2,12,1,4,2,1,3.0
RM1384,No,1351,9,66,2810,Upto 5k,9238,1,No,22,4,0,5,3,5,4,0,2.0
RM1440,No,557,3,94,7644,5k-10k,12695,0,No,19,3,2,10,2,9,7,3,4.0
RM1441,No,688,4,97,5131,5k-10k,9192,7,No,13,3,3,18,3,4,2,0,2.0
RM1448,No,301,15,88,5406,5k-10k,10436,1,No,24,4,1,15,4,15,12,11,11.0
RM1454,No,1120,11,100,6652,5k-10k,14369,4,No,13,3,1,8,2,6,3,0,0.0
RM1466,No,884,23,41,2571,Upto 5k,12290,4,No,17,3,1,17,3,5,2,0,3.0
RM1466,No,884,23,41,2571,Upto 5k,12290,4,No,17,3,1,17,3,5,2,0,2.0
RM003,Yes,1373,2,92,2090,Upto 5k,2396,6,Yes,15,3,0,7,3,0,0,0,0.0
RM048,No,408,19,73,3022,Upto 5k,10227,4,No,21,4,0,8,1,1,0,0,0.0
RM060,No,1115,1,51,5993,5k-10k,2689,1,No,18,3,1,7,2,7,5,0,7.0
RM079,No,397,7,30,13664,10k-15k,25258,4,No,13,3,0,16,3,5,2,0,2.0
RM101,Yes,807,6,63,2073,Upto 5k,23648,4,Yes,22,4,0,7,3,3,2,0,2.0
RM105,No,1040,2,100,5163,5k-10k,15850,5,No,14,3,1,17,2,1,0,0,0.0
RM116,No,1189,3,87,7428,5k-10k,14506,2,No,12,3,0,12,3,5,3,1,3.0
RM196,No,290,21,65,3564,Upto 5k,22977,1,Yes,12,3,1,8,3,8,7,1,7.0
RM223,No,663,11,47,12185,10k-15k,10056,1,Yes,14,3,3,10,1,10,8,0,7.0
RM227,No,319,4,41,2793,Upto 5k,2539,4,No,17,3,1,13,2,9,8,5,8.0
RM249,No,1017,1,83,3920,Upto 5k,18697,2,No,14,3,1,17,2,3,1,0,
RM251,Yes,504,10,61,10048,10k-15k,22573,6,No,11,3,2,17,5,1,0,0,
RM274,No,228,6,98,6502,5k-10k,22825,4,No,14,3,1,7,5,5,4,0,1.0
RM276,No,728,1,80,13603,10k-15k,11677,2,Yes,18,3,2,15,2,5,2,0,2.0
RM286,No,1372,1,42,2115,Upto 5k,15881,1,No,12,3,0,17,3,17,12,5,7.0
RM295,No,889,9,53,2326,Upto 5k,11411,1,Yes,12,3,3,4,3,4,2,1,2.0
RM341,No,1192,5,61,6347,5k-10k,23177,7,No,16,3,2,8,2,6,2,0,4.0
RM354,No,1319,6,51,5974,5k-10k,17001,4,Yes,13,3,2,13,2,7,7,6,7.0
RM365,No,921,10,98,3452,Upto 5k,17663,6,No,20,4,1,17,3,5,4,0,3.0
RM387,No,1107,14,95,3034,Upto 5k,26914,1,No,12,3,1,18,2,18,7,12,17.0
RM390,No,1305,10,49,4197,Upto 5k,21123,2,Yes,12,3,0,18,2,1,0,0,1.0
RM399,No,1063,25,72,4449,Upto 5k,23866,3,Yes,15,3,2,15,2,13,11,10,7.0
RM465,No,799,1,59,7491,5k-10k,23848,4,No,17,3,0,12,3,6,5,1,2.0
RM468,No,142,9,69,8834,5k-10k,24666,1,No,13,3,1,9,6,9,5,7,7.0
RM473,No,446,1,65,6447,5k-10k,15701,6,No,12,3,1,8,2,6,5,4,3.0
RM487,No,558,2,75,9602,5k-10k,3010,4,Yes,11,3,1,17,3,3,0,1,0.0
RM507,No,482,3,36,9434,5k-10k,9606,1,No,15,3,1,10,2,10,7,7,8.0
RM523,No,1225,10,80,4680,Upto 5k,15232,3,No,17,3,0,4,2,1,0,0,0.0
RM578,No,571,10,82,2782,Upto 5k,19905,0,Yes,13,3,2,6,3,5,3,4,3.0
RM629,No,342,16,66,6334,5k-10k,24558,4,No,19,3,2,9,2,1,0,0,0.0
RM649,No,1231,21,54,2973,Upto 5k,21222,5,No,15,3,1,10,3,5,4,0,0.0
RM653,No,1252,19,32,7642,5k-10k,4814,1,Yes,13,3,0,10,2,10,0,0,9.0
RM696,Yes,625,1,46,10609,10k-15k,14922,5,No,11,3,0,17,2,14,1,11,7.0
RM745,Yes,1141,11,61,4777,Upto 5k,14382,5,No,15,3,0,15,2,1,0,0,0.0
RM768,No,124,3,35,4107,Upto 5k,13848,3,No,15,3,0,8,3,4,3,0,1.0
RM796,No,309,10,88,6694,5k-10k,24223,2,Yes,14,3,3,8,5,1,0,0,0.0
RM833,No,367,25,52,5731,5k-10k,17171,7,No,13,3,2,9,2,6,2,1,3.0
RM856,No,977,1,56,6474,5k-10k,9961,1,No,13,3,1,14,2,14,8,3,11.0
RM990,No,1439,4,54,2996,Upto 5k,5182,7,Yes,15,3,0,8,2,6,4,1,3.0
RM1002,No,1462,11,94,3629,Upto 5k,19106,4,No,18,3,0,8,6,3,2,0,2.0
RM1023,No,1413,5,84,3500,Upto 5k,25470,0,No,14,3,0,7,2,6,5,1,3.0
RM1090,No,674,13,47,4285,Upto 5k,3031,1,No,17,3,0,10,2,10,8,3,7.0
RM1159,No,671,19,85,5768,5k-10k,26493,3,No,17,3,3,9,2,4,3,0,2.0
RM1164,No,1470,10,71,3936,Upto 5k,9953,1,No,11,3,1,8,2,8,4,7,7.0
RM1212,No,1278,1,31,9525,5k-10k,7677,1,No,14,3,2,6,2,6,3,1,3.0
RM1277,No,589,9,46,4189,Upto 5k,8800,1,No,14,3,2,5,2,5,2,0,3.0
RM1281,No,1239,8,89,4071,Upto 5k,12832,2,No,13,3,0,19,4,10,0,4,7.0
RM1292,Yes,370,10,58,4213,Upto 5k,4992,1,No,15,3,0,10,4,10,3,0,8.0
RM1345,No,783,7,78,4284,Upto 5k,13588,5,Yes,22,4,1,16,2,5,3,0,4.0
RM1433,No,161,10,42,13744,10k-15k,15471,1,Yes,25,4,1,16,2,16,11,6,8.0
RM009,No,216,23,44,9526,5k-10k,8787,0,No,21,4,0,10,2,9,7,1,
RM020,No,371,2,45,3944,Upto 5k,4306,5,Yes,11,3,0,6,3,3,2,1,2.0
RM062,No,653,29,50,2406,Upto 5k,5456,1,No,11,3,0,10,2,10,3,9,9.0
RM084,No,573,6,79,5329,5k-10k,15717,7,Yes,12,3,3,17,3,13,11,1,9.0
RM143,No,364,3,32,4317,Upto 5k,2302,3,Yes,20,4,0,19,2,3,2,2,
RM169,No,702,1,59,8686,5k-10k,12930,4,No,22,4,0,12,2,8,3,0,7.0
RM180,No,1380,9,75,2288,Upto 5k,6319,1,No,12,3,0,2,3,2,2,2,1.0
RM199,No,1261,2,88,6553,5k-10k,7259,9,No,14,3,0,14,3,1,0,0,0.0
RM200,No,1084,29,54,6261,5k-10k,4185,3,No,18,3,1,9,3,7,7,1,7.0
RM205,Yes,1180,29,70,6673,5k-10k,11354,7,Yes,19,3,0,17,2,1,0,0,0.0
RM224,No,119,3,76,10609,10k-15k,9647,0,No,12,3,2,17,6,16,10,5,13.0
RM262,No,1327,2,39,5249,5k-10k,19682,3,No,18,3,1,13,0,8,7,7,5.0
RM278,No,322,7,44,5605,5k-10k,19191,1,Yes,24,4,1,8,3,8,0,7,7.0
RM288,No,688,23,82,5745,5k-10k,18899,9,No,14,3,1,10,2,2,2,1,2.0
RM308,No,849,25,81,12061,10k-15k,26707,3,No,17,3,1,19,2,10,8,0,1.0
RM342,No,343,15,92,11510,10k-15k,15682,0,Yes,14,3,1,12,3,11,10,2,9.0
RM417,No,1490,2,42,1702,Upto 5k,12106,1,Yes,23,4,1,1,3,1,0,0,0.0
RM472,No,1495,10,76,9824,5k-10k,22174,3,No,19,3,1,18,4,1,0,0,0.0
RM491,No,362,1,43,2619,Upto 5k,14561,3,No,17,3,0,8,3,0,0,0,0.0
RM519,No,243,7,46,4028,Upto 5k,7791,0,No,20,4,0,8,2,7,7,0,5.0
RM530,No,827,1,33,7625,5k-10k,19383,0,No,13,3,0,10,4,9,7,1,8.0
RM543,No,168,1,81,7861,5k-10k,15397,4,Yes,14,3,0,10,4,1,0,0,0.0
RM560,No,268,2,92,3057,Upto 5k,20471,6,Yes,13,3,1,6,0,1,0,0,1.0
RM579,No,240,2,75,5980,5k-10k,26085,6,Yes,12,3,0,17,2,15,7,4,12.0
RM606,No,471,12,45,6288,5k-10k,4284,2,No,15,3,1,13,3,4,3,1,2.0
RM643,No,395,9,98,2899,Upto 5k,12102,0,No,19,3,1,3,3,2,2,1,2.0
RM682,No,1333,1,80,13582,10k-15k,16292,1,No,13,3,1,15,3,15,12,5,11.0
RM704,No,152,10,85,5666,5k-10k,19899,1,Yes,13,3,0,6,1,5,3,1,3.0
RM723,No,1391,10,66,2684,Upto 5k,12127,0,No,17,3,1,3,0,2,1,0,2.0
RM748,No,1035,3,42,6861,5k-10k,4981,8,Yes,12,3,0,19,1,1,0,0,0.0
RM766,No,1186,3,44,2821,Upto 5k,2997,3,No,16,3,1,8,2,2,2,2,2.0
RM785,No,330,17,65,8823,5k-10k,24608,0,No,18,3,1,20,4,19,9,1,9.0
RM808,No,770,10,73,8740,5k-10k,5569,0,Yes,14,3,2,9,2,8,7,2,7.0
RM812,No,130,2,32,7351,5k-10k,20619,7,No,16,3,0,10,2,1,0,0,0.0
RM827,No,433,1,37,2844,Upto 5k,6004,1,No,13,3,1,7,2,7,6,5,0.0
RM964,No,1009,2,31,6893,5k-10k,19461,3,No,15,3,1,11,3,7,7,1,7.0
RM983,No,693,7,57,2610,Upto 5k,15748,1,No,11,3,3,4,2,4,2,0,3.0
RM1108,No,888,10,71,6077,5k-10k,14814,3,No,11,3,0,10,2,6,3,1,2.0
RM1113,Yes,903,2,81,4855,Upto 5k,7653,4,No,11,3,2,7,2,5,2,1,4.0
RM1120,No,1245,14,80,9924,5k-10k,12355,0,No,11,3,1,10,3,9,8,7,7.0
RM1121,No,437,16,90,4198,Upto 5k,16379,2,No,12,3,0,8,5,3,2,1,2.0
RM1162,No,397,2,54,7756,5k-10k,14199,3,Yes,19,3,1,10,6,5,4,0,2.0
RM1188,No,1189,1,90,4735,Upto 5k,9867,7,No,15,3,2,19,4,13,11,2,9.0
RM1194,No,148,2,42,2440,Upto 5k,23826,1,No,22,4,0,4,3,4,3,3,3.0
RM1203,No,1495,4,87,3306,Upto 5k,26176,7,No,19,3,1,7,5,0,0,0,0.0
RM1257,No,594,2,75,2468,Upto 5k,15963,4,No,14,3,1,9,4,6,1,0,5.0
RM1262,No,833,18,60,5811,5k-10k,24539,3,Yes,16,3,1,15,2,1,0,1,0.0
RM1273,No,1153,6,40,3702,Upto 5k,16376,1,No,11,3,1,5,3,5,4,0,4.0
RM1290,No,1336,2,100,2592,Upto 5k,7129,5,No,13,3,3,13,3,11,10,3,8.0
RM1309,No,723,2,77,5405,5k-10k,4244,2,Yes,20,4,2,20,4,4,2,0,3.0
RM1374,No,1394,8,58,2133,Upto 5k,18115,1,Yes,16,3,1,20,3,20,11,0,7.0
RM1377,No,1206,9,71,4771,Upto 5k,14293,2,No,19,3,2,10,0,5,2,0,3.0
RM1392,No,1404,1,59,2858,Upto 5k,11473,4,No,14,3,0,20,3,1,0,0,0.0
RM1401,No,1444,1,88,2991,Upto 5k,5224,0,Yes,11,3,1,7,2,6,2,1,2.0
RM1417,No,1321,1,86,4440,Upto 5k,7636,0,No,15,3,2,16,3,15,13,5,8.0
RM1419,No,508,6,72,5321,5k-10k,14284,2,No,11,3,1,10,1,8,3,7,7.0
RM1431,No,201,10,99,13206,10k-15k,3376,3,No,12,3,1,20,3,18,16,1,11.0
RM1452,No,345,10,100,5343,5k-10k,5982,1,No,11,3,1,10,1,10,7,1,9.0
RM034,Yes,895,5,56,2086,Upto 5k,3335,3,No,14,3,1,19,6,1,0,0,0.0
RM138,No,1329,4,47,5902,5k-10k,14590,4,No,14,3,1,17,1,15,11,5,9.0
RM241,No,1431,1,96,2232,Upto 5k,15417,7,No,14,3,3,7,1,3,2,1,2.0
RM252,No,505,2,64,10938,10k-15k,6420,0,No,25,4,0,20,1,19,6,11,
RM305,No,1132,1,48,9613,5k-10k,10942,0,No,17,3,3,19,5,18,10,3,7.0
RM315,No,117,10,99,17068,15k+,5355,1,Yes,14,3,0,21,3,21,9,11,10.0
RM327,No,672,7,54,19272,15k+,21141,1,No,15,3,1,21,2,21,9,13,3.0
RM328,Yes,1162,3,41,5238,5k-10k,17778,4,Yes,18,3,0,12,3,1,0,0,0.0
RM401,No,1218,1,52,19197,15k+,8213,1,Yes,14,3,1,21,3,21,8,1,6.0
RM450,No,443,8,48,3755,Upto 5k,17872,1,No,11,3,1,8,3,8,3,0,7.0
RM527,No,408,2,80,4553,Upto 5k,20978,1,No,11,3,0,20,4,20,7,11,10.0
RM552,No,141,3,44,6389,5k-10k,18767,9,No,15,3,1,12,3,8,3,3,6.0
RM655,No,1383,2,42,5204,5k-10k,7790,8,No,11,3,2,13,2,5,4,0,4.0
RM670,Yes,1122,6,70,2404,Upto 5k,4303,7,Yes,21,4,0,8,2,2,2,2,2.0
RM706,No,903,2,41,7880,5k-10k,2560,0,No,18,3,0,9,3,8,7,0,7.0
RM739,No,466,1,65,12742,10k-15k,7060,1,No,16,3,1,21,3,21,6,11,8.0
RM754,No,945,22,82,10880,10k-15k,5083,1,Yes,13,3,0,21,2,21,6,2,8.0
RM814,Yes,203,2,84,12169,10k-15k,13547,7,No,11,3,3,21,4,18,7,11,5.0
RM817,No,439,9,70,6782,5k-10k,8770,9,No,15,3,0,9,2,5,4,0,3.0
RM938,No,412,13,94,17123,15k+,17334,6,Yes,13,3,2,21,4,19,9,15,2.0
RM941,Yes,360,23,93,3904,Upto 5k,22154,0,No,13,3,0,6,2,5,2,0,3.0
RM950,No,524,18,32,4534,Upto 5k,13352,0,No,11,3,0,9,6,8,7,1,7.0
RM987,No,1498,21,44,6120,5k-10k,3567,3,Yes,12,3,2,8,2,5,4,1,4.0
RM993,No,1485,25,71,10920,10k-15k,3449,3,No,21,4,1,13,2,6,4,0,5.0
RM1033,Yes,592,2,54,3646,Upto 5k,17181,2,Yes,23,4,0,11,2,1,0,0,0.0
RM1080,No,1089,6,32,8376,5k-10k,9150,4,No,18,3,0,9,3,2,0,2,2.0
RM1125,No,1462,6,38,8237,5k-10k,4658,2,No,11,3,1,11,3,7,6,7,6.0
RM1149,No,1387,10,76,5377,5k-10k,3835,2,No,13,3,3,10,3,7,7,7,7.0
RM1156,No,170,3,76,3069,Upto 5k,10302,0,No,15,3,1,11,3,10,8,0,7.0
RM1160,No,711,4,81,5042,5k-10k,3140,0,No,13,3,0,10,2,9,2,3,8.0
RM1176,No,492,12,66,5295,5k-10k,7693,4,No,21,4,0,7,3,5,4,1,0.0
RM1241,No,792,1,77,6472,5k-10k,8989,1,Yes,15,3,1,9,2,9,8,5,8.0
RM1285,No,1253,10,65,13464,10k-15k,7914,7,No,21,4,0,9,3,4,3,2,2.0
RM1293,No,766,20,83,4127,Upto 5k,19188,2,No,18,3,1,7,6,2,1,2,2.0
RM1336,No,835,19,41,3902,Upto 5k,5141,8,No,14,3,3,7,2,2,2,2,2.0
RM1367,No,1251,21,32,5736,5k-10k,3987,6,No,19,3,1,10,1,3,2,1,2.0
RM1373,No,867,9,87,5151,5k-10k,12315,1,No,25,4,1,10,3,10,0,7,9.0
RM1404,No,119,15,77,13341,10k-15k,25098,0,No,12,3,0,21,3,20,8,11,10.0
RM1430,No,116,24,52,4108,Upto 5k,5340,7,No,13,3,0,18,2,7,7,1,7.0
RM1438,No,105,9,87,19431,15k+,15302,2,No,13,3,0,21,3,6,0,1,3.0
RM1463,No,722,24,60,12031,10k-15k,8828,0,No,11,3,1,21,2,20,9,9,6.0
RM1467,No,613,6,42,9991,5k-10k,21457,4,No,15,3,1,9,5,7,7,1,7.0
RM1463,No,722,24,60,12031,10k-15k,8828,0,No,11,3,1,21,2,20,9,9,6.0
RM1467,No,613,6,42,9991,5k-10k,21457,4,No,15,3,1,9,5,7,7,1,1.0
RM091,No,530,1,78,13503,10k-15k,14115,1,No,22,4,1,22,3,22,3,11,11.0
RM151,No,1395,26,54,5605,5k-10k,8504,1,No,11,3,1,20,2,20,7,2,13.0
RM159,No,630,4,67,10855,10k-15k,8552,7,No,11,3,1,15,2,12,11,2,11.0
RM187,No,989,4,46,19033,15k+,6499,1,No,14,3,1,21,2,20,8,9,9.0
RM204,No,905,19,99,2741,Upto 5k,16523,8,Yes,15,3,1,15,2,7,2,3,7.0
RM209,No,1151,9,63,4876,Upto 5k,14242,9,No,14,3,1,5,5,3,2,0,
RM244,No,1300,24,62,3319,Upto 5k,24447,1,No,17,3,2,9,3,9,8,4,7.0
RM258,No,1416,2,49,19436,15k+,5949,0,No,19,3,1,22,5,21,7,3,
RM336,No,1124,1,57,7457,5k-10k,13273,2,Yes,22,4,3,6,2,4,3,0,2.0
RM362,No,1171,10,46,2213,Upto 5k,22495,3,Yes,13,3,1,10,3,7,7,1,
RM369,Yes,575,22,68,6380,5k-10k,6110,2,Yes,12,3,2,8,6,6,4,1,0.0
RM388,No,759,2,46,5715,5k-10k,22553,7,No,12,3,2,8,5,5,4,1,3.0
RM392,No,555,2,78,3448,Upto 5k,13436,6,No,22,4,1,20,3,1,0,0,0.0
RM418,No,1398,2,79,18041,15k+,13022,0,No,14,3,0,21,2,20,15,1,12.0
RM449,No,302,6,75,13237,10k-15k,20364,7,No,15,3,0,22,3,20,6,5,13.0
RM459,No,1094,28,58,10932,10k-15k,11373,3,No,15,3,1,20,2,1,0,0,1.0
RM534,No,580,5,48,10475,10k-15k,23772,5,Yes,21,4,1,20,2,18,13,1,12.0
RM554,No,804,2,86,2342,Upto 5k,22929,0,Yes,20,4,0,5,2,4,2,2,3.0
RM583,No,791,2,38,4244,Upto 5k,9931,1,No,24,4,1,8,2,8,7,3,7.0
RM602,No,720,16,51,5094,5k-10k,11983,6,No,14,3,0,10,6,1,0,0,0.0
RM685,No,658,10,67,9705,5k-10k,20652,2,No,12,3,1,11,2,1,0,0,0.0
RM692,No,1469,9,35,3617,Upto 5k,25063,8,Yes,14,3,1,3,2,1,1,0,0.0
RM707,Yes,1479,24,100,13194,10k-15k,17071,4,Yes,16,3,0,22,2,1,0,0,0.0
RM769,No,300,26,74,8396,5k-10k,22217,1,No,14,3,1,8,3,7,7,7,5.0
RM786,No,1492,20,61,10322,10k-15k,26542,4,No,20,4,1,14,6,11,10,11,1.0
RM815,No,1308,14,44,19626,15k+,17544,1,No,14,3,0,21,2,20,7,4,9.0
RM838,No,593,9,88,13499,10k-15k,13782,9,No,17,3,0,20,3,18,7,2,13.0
RM846,No,902,26,92,4422,Upto 5k,21203,3,Yes,13,3,1,16,3,1,1,0,0.0
RM867,No,1184,2,62,4327,Upto 5k,25440,5,No,12,3,3,5,2,0,0,0,0.0
RM885,No,107,10,84,6852,5k-10k,11591,7,No,12,3,1,7,2,5,1,1,3.0
RM947,Yes,299,25,57,9094,5k-10k,17235,2,Yes,12,3,0,9,2,5,4,1,0.0
RM958,No,458,16,74,3544,Upto 5k,8532,9,No,16,3,1,6,0,4,2,0,0.0
RM960,No,523,2,98,4661,Upto 5k,22455,1,No,13,3,0,9,4,9,8,8,8.0
RM968,No,329,1,88,2387,Upto 5k,6762,3,No,22,4,1,7,3,4,2,0,3.0
RM979,No,1202,2,89,6377,5k-10k,13888,5,No,20,4,3,15,0,12,11,11,8.0
RM1030,No,663,9,81,3975,Upto 5k,23099,3,No,11,3,2,11,2,8,7,0,7.0
RM1041,No,218,8,55,13757,10k-15k,25178,2,No,11,3,1,16,5,9,8,4,8.0
RM1046,No,896,2,68,2345,Upto 5k,8045,2,No,14,3,1,8,3,3,1,1,2.0
RM1084,Yes,676,9,86,2018,Upto 5k,21831,3,No,14,3,0,15,3,5,4,1,0.0
RM1095,No,1342,9,47,5473,5k-10k,19345,0,No,12,3,0,9,5,8,4,7,1.0
RM1097,No,898,6,38,16437,15k+,17381,1,Yes,21,4,0,21,2,21,7,7,7.0
RM1099,No,1142,8,72,4069,Upto 5k,8841,3,Yes,18,3,0,8,2,2,2,2,2.0
RM1133,No,118,14,84,4639,Upto 5k,11262,1,No,15,3,1,5,2,5,4,1,2.0
RM1157,No,884,15,80,10435,10k-15k,25800,1,No,13,3,2,18,2,18,15,14,12.0
RM1165,No,448,16,84,7945,5k-10k,19948,6,Yes,15,3,0,18,2,4,2,3,3.0
RM1172,Yes,1329,7,73,2166,Upto 5k,3339,3,Yes,14,3,0,10,3,4,2,0,3.0
RM1230,No,369,8,92,6516,5k-10k,5041,2,Yes,16,3,1,18,3,1,0,0,0.0
RM1243,No,611,7,88,19833,15k+,4349,1,No,14,3,0,21,3,21,8,12,8.0
RM1287,No,616,2,99,3377,Upto 5k,25605,4,No,17,3,1,7,5,4,3,0,2.0
RM1300,No,1194,1,52,6513,5k-10k,9060,4,No,17,3,1,12,3,5,3,0,3.0
RM1305,No,750,12,47,4448,Upto 5k,10748,2,No,12,3,1,15,3,7,4,7,7.0
RM1349,No,1137,1,98,16823,15k+,18991,2,No,11,3,1,22,3,19,7,11,16.0
RM1410,No,692,11,73,6323,5k-10k,26849,1,No,11,3,1,10,2,10,9,9,4.0
RM1411,No,444,2,92,5677,5k-10k,4258,3,No,14,3,1,15,4,11,8,5,10.0
RM1428,No,543,1,83,2406,Upto 5k,4060,8,No,19,3,2,8,3,1,0,0,0.0
RM1456,No,1322,2,52,2809,Upto 5k,2725,2,No,14,3,0,8,2,2,2,2,2.0
RM1458,No,1194,2,98,2001,Upto 5k,12549,2,No,14,3,3,20,2,5,3,0,2.0
RM001,Yes,1102,1,94,5993,5k-10k,19479,8,Yes,11,3,0,8,0,6,4,0,5.0
RM046,Yes,1360,12,49,19545,15k+,16280,1,No,12,3,0,23,0,22,15,15,8.0
RM134,No,802,9,96,8189,5k-10k,21196,3,Yes,13,3,1,12,2,9,7,0,7.0
RM148,No,857,10,91,17181,15k+,12888,4,No,13,3,1,21,2,7,6,7,7.0
RM149,No,933,9,94,2238,Upto 5k,6961,2,No,21,4,1,7,2,5,0,1,4.0
RM167,No,465,14,56,2451,Upto 5k,4609,4,No,12,3,1,13,2,9,8,1,8.0
RM183,Yes,1356,20,70,3140,Upto 5k,21728,1,Yes,22,4,0,4,5,4,3,0,2.0
RM216,No,896,6,75,13591,10k-15k,14674,3,Yes,18,3,0,16,3,1,0,0,0.0
RM243,No,1411,19,36,3072,Upto 5k,19877,2,No,16,3,2,17,2,1,0,0,0.0
RM301,No,334,2,88,16015,15k+,15896,1,No,19,3,0,22,2,22,10,0,4.0
RM347,No,483,6,95,6032,5k-10k,10110,6,Yes,15,3,0,8,3,5,4,1,2.0
RM367,Yes,143,4,56,9355,5k-10k,9558,1,No,18,3,0,8,5,8,7,7,7.0
RM404,No,645,1,49,8392,5k-10k,19566,1,No,16,3,1,10,2,10,7,0,
RM447,No,267,10,56,6230,5k-10k,13430,7,No,14,3,0,16,3,14,3,1,10.0
RM460,No,509,2,62,6811,5k-10k,2112,2,Yes,17,3,0,10,3,8,7,0,7.0
RM467,No,1276,2,91,16595,15k+,5626,7,No,16,3,1,22,2,18,16,11,8.0
RM536,No,427,10,73,19141,15k+,8861,3,No,15,3,3,23,2,21,6,12,6.0
RM539,No,314,1,59,19189,15k+,19562,1,No,12,3,1,22,3,22,7,2,10.0
RM668,Yes,1085,2,57,2778,Upto 5k,17725,4,Yes,13,3,1,10,1,7,7,1,0.0
RM687,No,263,6,59,4721,Upto 5k,3119,2,Yes,13,3,0,20,3,18,13,2,17.0
RM717,No,840,9,64,19419,15k+,3735,2,No,17,3,1,21,2,18,16,0,11.0
RM738,No,549,7,42,5003,5k-10k,23371,6,No,14,3,0,8,6,2,2,2,1.0
RM747,No,247,7,55,19973,15k+,20284,1,No,22,4,2,21,3,21,16,5,10.0
RM784,No,509,7,43,3376,Upto 5k,18863,1,No,13,3,0,10,3,10,6,0,8.0
RM831,No,167,12,46,4766,Upto 5k,9051,3,Yes,11,3,1,6,4,1,0,0,0.0
RM865,Yes,906,5,95,2107,Upto 5k,20293,6,No,17,3,1,5,2,1,0,0,0.0
RM952,No,256,10,40,6151,5k-10k,22074,1,No,13,3,0,19,4,19,2,11,9.0
RM961,No,1018,1,66,4103,Upto 5k,4297,0,No,17,3,1,10,2,9,3,1,7.0
RM989,No,1200,22,75,5467,5k-10k,13953,3,Yes,14,3,2,12,4,6,2,3,3.0
RM1029,No,1283,5,90,2127,Upto 5k,5561,2,Yes,12,3,0,7,5,4,2,0,3.0
RM1197,No,1206,23,80,7082,5k-10k,11591,3,Yes,16,3,0,21,2,2,0,0,2.0
RM1219,No,918,6,35,9241,5k-10k,15869,1,No,12,3,0,10,3,10,8,8,7.0
RM1229,No,552,4,60,6430,5k-10k,20794,6,No,19,3,1,10,4,3,2,1,2.0
RM1267,No,548,9,94,2289,Upto 5k,20520,1,No,20,4,2,5,2,5,3,0,4.0
RM1295,No,447,5,85,6870,5k-10k,15530,3,No,12,3,0,11,3,3,2,1,2.0
RM1296,No,796,4,81,10447,10k-15k,26458,0,Yes,13,3,1,23,3,22,14,13,5.0
RM1357,No,337,8,54,4393,Upto 5k,26841,5,No,21,4,1,14,3,5,4,1,4.0
RM1421,No,642,1,76,2782,Upto 5k,21412,3,No,22,4,1,12,3,5,3,1,0.0
RM1446,No,582,28,60,13570,10k-15k,5640,0,No,23,4,1,21,3,20,7,0,10.0
RM1449,No,930,3,57,8938,5k-10k,12227,2,No,11,3,1,14,5,5,4,0,4.0
RM028,No,691,8,48,6825,5k-10k,21173,0,No,11,3,1,10,2,9,7,4,
RM198,No,926,21,36,5265,5k-10k,16439,2,No,16,3,1,11,5,5,3,0,2.0
RM232,No,532,4,58,19232,15k+,4933,1,No,11,3,0,22,3,22,17,11,15.0
RM254,No,916,17,82,6545,5k-10k,23016,3,Yes,13,3,0,10,1,3,2,0,
RM257,No,269,2,56,2593,Upto 5k,8007,0,Yes,11,3,1,10,4,9,6,7,
RM282,No,635,1,99,4907,Upto 5k,24532,1,No,25,4,0,20,3,20,16,11,6.0
RM296,No,555,26,77,13525,10k-15k,14864,5,No,14,3,1,23,2,20,4,4,8.0
RM349,No,810,23,44,15992,15k+,15901,2,No,14,3,0,16,2,1,0,0,0.0
RM351,No,544,2,52,2696,Upto 5k,24017,0,Yes,11,3,1,4,5,3,2,1,0.0
RM357,No,1332,2,98,6781,5k-10k,17078,3,No,23,4,0,14,6,1,0,0,0.0
RM389,No,201,1,95,2576,Upto 5k,20490,3,No,16,3,1,8,5,5,2,1,2.0
RM410,No,532,29,92,4556,Upto 5k,12932,2,No,11,3,1,19,3,5,4,0,2.0
RM414,No,1368,28,88,4523,Upto 5k,4386,0,No,11,3,3,7,4,6,5,0,4.0
RM442,No,1474,5,97,2093,Upto 5k,9260,4,No,17,3,1,8,4,2,2,2,0.0
RM452,No,319,24,56,7406,5k-10k,6950,1,Yes,21,4,1,10,5,10,9,5,8.0
RM489,No,622,2,81,4089,Upto 5k,5718,1,No,13,3,2,10,4,10,2,2,2.0
RM548,Yes,933,19,57,2759,Upto 5k,20366,6,Yes,12,3,0,7,2,2,2,2,2.0
RM585,No,570,8,66,18430,15k+,16225,1,No,13,3,1,24,4,24,7,14,9.0
RM598,No,932,1,43,6062,5k-10k,4051,9,Yes,13,3,1,8,4,4,3,0,2.0
RM605,No,933,29,98,4434,Upto 5k,11806,1,No,13,3,1,10,3,9,8,7,8.0
RM633,No,1271,2,35,2515,Upto 5k,9068,5,Yes,14,3,0,8,2,2,1,2,2.0
RM644,No,1265,3,95,5231,5k-10k,23726,2,Yes,13,3,1,17,1,5,3,1,3.0
RM673,No,462,14,68,6244,5k-10k,7824,7,No,17,3,0,10,6,5,4,0,3.0
RM742,No,265,5,90,18303,15k+,7770,6,No,13,3,0,21,3,1,0,0,0.0
RM800,No,469,2,35,17665,15k+,14399,0,No,17,3,1,23,3,22,6,13,7.0
RM825,No,188,29,56,4272,Upto 5k,9558,4,No,19,3,0,16,3,1,0,0,0.0
RM839,Yes,481,12,44,13758,10k-15k,2447,0,Yes,12,3,0,22,2,21,9,13,14.0
RM840,No,647,4,45,5155,5k-10k,2253,7,No,13,3,0,9,3,6,4,1,5.0
RM879,No,179,2,79,6272,5k-10k,12858,7,No,16,3,1,10,3,4,3,0,3.0
RM888,No,458,26,60,13191,10k-15k,23281,3,Yes,17,3,0,20,6,1,0,0,0.0
RM926,No,603,7,78,2372,Upto 5k,5628,6,Yes,16,3,0,18,2,1,0,0,0.0
RM955,No,495,2,37,17861,15k+,26582,0,Yes,13,3,0,21,3,20,8,2,10.0
RM1000,No,1147,10,31,16799,15k+,16616,0,No,14,3,1,21,5,20,7,0,9.0
RM1051,No,748,9,74,3673,Upto 5k,16458,1,No,13,3,0,12,3,12,9,5,8.0
RM1089,No,1210,2,68,4841,Upto 5k,24052,4,No,14,3,1,4,3,1,0,0,0.0
RM1094,No,288,2,40,10124,10k-15k,18611,2,Yes,14,3,1,24,3,20,8,13,9.0
RM1130,No,1059,9,93,19613,15k+,26362,8,No,22,4,0,24,2,1,0,0,1.0
RM1264,No,855,12,57,2766,Upto 5k,8952,8,No,22,4,3,7,6,5,3,0,4.0
RM1288,No,1128,13,95,5538,5k-10k,5696,5,No,18,3,2,10,2,0,0,0,0.0
RM1321,No,355,10,38,2936,Upto 5k,6161,3,No,22,4,2,10,1,6,3,3,3.0
RM1326,No,1142,8,81,3968,Upto 5k,13624,4,No,13,3,0,8,3,0,0,0,0.0
RM1358,No,1396,6,83,13348,10k-15k,14842,9,No,13,3,1,18,3,13,7,5,7.0
RM1379,No,419,12,77,5087,5k-10k,2900,3,Yes,12,3,2,14,4,0,0,0,0.0
RM1405,No,335,23,37,4332,Upto 5k,14811,1,No,12,3,0,20,2,20,9,3,7.0
RM1420,No,557,18,35,5410,5k-10k,11189,6,Yes,17,3,1,9,3,4,3,1,2.0
RM1444,No,300,2,56,18880,15k+,17312,5,No,11,3,0,24,2,22,6,4,14.0
RM036,No,1273,2,72,2645,Upto 5k,21923,1,No,12,3,2,6,3,5,3,1,4.0
RM120,No,394,26,92,16959,15k+,19494,1,Yes,12,3,2,25,3,25,12,4,12.0
RM131,No,957,28,72,4739,Upto 5k,16090,4,No,12,3,0,18,2,3,2,1,2.0
RM194,No,1344,7,37,2089,Upto 5k,5228,4,No,14,3,3,7,3,5,4,2,2.0
RM236,No,1034,16,80,16064,15k+,7744,5,Yes,22,4,1,22,3,17,13,1,9.0
RM316,No,185,10,33,2455,Upto 5k,10675,0,No,19,3,0,9,5,8,7,1,7.0
RM331,No,559,10,82,5257,5k-10k,6227,1,No,11,3,1,9,3,9,7,0,0.0
RM334,No,1001,7,43,9985,5k-10k,9262,8,No,16,3,1,10,1,1,0,0,0.0
RM391,No,982,12,59,14336,10k-15k,4345,1,No,11,3,1,25,3,25,10,3,9.0
RM396,No,313,21,61,2258,Upto 5k,15238,7,No,20,4,1,8,1,3,2,1,2.0
RM397,No,1473,8,74,4522,Upto 5k,2227,4,Yes,14,3,0,8,3,5,2,0,2.0
RM490,No,782,6,50,16627,15k+,2671,4,Yes,14,3,1,21,3,1,0,0,0.0
RM492,No,1001,9,72,5679,5k-10k,19627,3,Yes,13,3,1,10,3,8,7,4,7.0
RM549,No,775,15,47,6804,5k-10k,23683,3,No,18,3,1,7,5,2,2,2,2.0
RM610,No,589,14,94,17159,15k+,5200,6,No,24,4,1,22,3,4,1,1,0.0
RM651,No,422,1,33,5562,5k-10k,21782,4,No,13,3,1,12,2,5,2,2,2.0
RM662,No,177,8,55,4765,Upto 5k,23814,4,No,21,4,1,4,2,1,0,0,0.0
RM776,No,415,25,79,10798,10k-15k,5268,5,No,13,3,1,18,5,1,0,0,0.0
RM813,No,1082,27,83,10820,10k-15k,11535,8,No,11,3,1,18,1,8,7,0,1.0
RM850,Yes,1372,9,85,5346,5k-10k,9489,8,No,13,3,0,7,2,4,3,1,3.0
RM899,No,920,3,96,19740,15k+,18625,3,No,14,3,1,25,2,8,7,0,7.0
RM927,No,531,4,56,10231,10k-15k,20364,3,No,14,3,0,23,3,21,7,15,17.0
RM996,No,930,6,73,4081,Upto 5k,20003,1,Yes,14,3,0,20,3,20,7,1,8.0
RM1134,No,990,27,87,4876,Upto 5k,5855,5,No,12,3,1,8,0,6,4,0,2.0
RM1186,No,1291,15,65,17603,15k+,3525,1,No,24,4,1,14,3,14,10,6,11.0
RM1217,No,1179,2,73,7847,5k-10k,6069,1,Yes,17,3,1,10,3,10,9,8,8.0
RM1263,Yes,807,17,38,2437,Upto 5k,15587,9,Yes,16,3,1,6,4,1,0,0,0.0
RM1270,No,244,2,97,3539,Upto 5k,5033,0,No,13,3,0,10,5,9,7,1,8.0
RM1294,No,343,9,52,2438,Upto 5k,24978,4,No,13,3,0,7,2,3,2,1,2.0
RM1317,No,1422,2,92,5675,5k-10k,19246,1,No,20,4,1,7,5,7,7,7,7.0
RM1331,No,823,6,81,19392,15k+,22539,7,No,13,3,0,21,2,16,12,6,14.0
RM1400,No,574,11,30,7510,5k-10k,16873,1,No,17,3,1,10,1,10,9,0,9.0
RM029,No,477,7,42,10248,10k-15k,2094,3,No,14,3,1,24,4,22,6,5,
RM032,No,1459,10,41,6465,5k-10k,19121,2,Yes,13,3,0,9,5,4,2,1,3.0
RM053,No,1488,1,75,5454,5k-10k,4009,5,Yes,21,4,1,9,2,4,3,1,3.0
RM100,No,489,23,67,2042,Upto 5k,25043,4,No,12,3,1,17,3,3,2,1,2.0
RM287,Yes,920,24,43,3161,Upto 5k,19920,3,Yes,22,4,1,19,0,1,0,0,0.0
RM494,No,1112,1,50,5985,5k-10k,26894,4,No,11,3,0,10,1,2,2,0,2.0
RM498,No,1315,3,35,19513,15k+,9358,4,Yes,12,3,1,26,2,2,2,0,1.0
RM544,No,381,24,49,3708,Upto 5k,2104,2,No,14,3,0,9,5,5,2,1,4.0
RM618,No,625,4,50,5933,5k-10k,5197,9,No,12,3,0,10,2,5,2,2,3.0
RM632,No,986,8,62,2818,Upto 5k,5044,2,Yes,24,4,1,10,2,3,2,0,2.0
RM659,No,661,9,61,2559,Upto 5k,7508,1,Yes,13,3,0,8,0,8,7,7,1.0
RM751,No,1448,28,53,13320,10k-15k,11737,3,Yes,18,3,1,23,2,12,11,11,11.0
RM790,Yes,1376,1,91,10482,10k-15k,2326,9,No,14,3,1,24,1,20,6,3,6.0
RM858,Yes,1097,10,96,2936,Upto 5k,10826,1,Yes,11,3,0,6,4,6,4,0,2.0
RM863,No,111,17,74,2290,Upto 5k,4279,2,No,13,3,0,6,3,0,0,0,0.0
RM876,No,200,29,32,4541,Upto 5k,7744,1,No,25,4,0,20,3,20,11,13,17.0
RM892,No,1117,2,72,2011,Upto 5k,19982,1,No,13,3,1,10,5,10,5,7,7.0
RM908,No,1099,5,88,18213,15k+,8751,7,No,11,3,1,26,5,22,9,3,10.0
RM923,No,1199,4,92,19190,15k+,17477,1,No,14,3,2,26,4,25,9,14,13.0
RM929,Yes,621,15,73,7978,5k-10k,14075,1,No,11,3,1,10,2,10,7,0,5.0
RM954,Yes,935,3,89,2362,Upto 5k,14669,4,No,12,3,0,10,4,3,2,1,2.0
RM1043,No,981,5,90,3162,Upto 5k,7973,3,No,14,3,0,7,5,5,2,0,3.0
RM1047,No,1467,20,49,3420,Upto 5k,21158,1,No,13,3,0,6,3,5,2,1,3.0
RM1052,No,383,1,79,4768,Upto 5k,9282,7,No,12,3,1,11,4,1,0,0,0.0
RM1063,No,1193,2,86,10209,10k-15k,19719,5,Yes,18,3,0,16,2,2,2,2,2.0
RM1079,No,136,28,32,16328,15k+,22074,3,No,13,3,1,24,1,20,6,14,17.0
RM1141,No,1313,7,31,19049,15k+,3549,0,Yes,14,3,1,23,4,22,7,1,10.0
RM1166,No,602,1,37,5743,5k-10k,10503,4,Yes,11,3,0,14,3,10,7,0,2.0
RM1201,No,528,1,44,3195,Upto 5k,4167,4,Yes,18,3,3,8,2,2,2,2,2.0
RM1215,No,921,2,96,7879,5k-10k,14810,1,Yes,19,3,1,9,2,8,7,6,7.0
RM1280,Yes,429,1,99,2342,Upto 5k,11092,1,Yes,12,3,3,6,2,5,3,2,3.0
RM1353,No,170,1,78,5033,5k-10k,9364,2,No,15,3,1,10,5,2,0,2,2.0
RM1436,No,1037,1,42,2436,Upto 5k,13422,6,Yes,12,3,0,6,2,4,3,1,2.0
RM068,No,1339,7,59,9724,5k-10k,18787,2,No,17,3,1,25,2,1,0,0,0.0
RM078,No,193,6,52,13245,10k-15k,15067,4,Yes,14,3,0,17,3,0,0,0,
RM142,No,1316,29,83,3452,Upto 5k,9752,5,No,13,3,0,9,2,6,5,0,
RM154,No,194,9,60,2348,Upto 5k,10901,8,No,18,3,1,20,2,17,9,0,15.0
RM175,No,1268,4,30,5006,5k-10k,6319,4,Yes,11,3,1,9,3,5,4,0,3.0
RM195,No,1195,2,65,16792,15k+,20462,9,No,23,4,1,22,1,20,8,11,8.0
RM219,No,1052,6,57,8865,5k-10k,16840,6,No,12,3,0,23,2,19,7,12,8.0
RM245,No,252,1,70,19202,15k+,15970,0,No,11,3,1,25,2,24,0,1,7.0
RM250,No,1199,7,77,6434,5k-10k,5118,4,No,17,3,1,9,1,3,2,0,
RM269,No,1385,20,79,13496,10k-15k,7501,0,Yes,14,3,0,21,2,20,7,4,10.0
RM312,No,1249,7,97,5210,5k-10k,20308,1,No,18,3,1,24,2,24,9,9,11.0
RM335,No,549,8,75,3697,Upto 5k,9278,9,No,14,3,2,12,3,10,9,9,8.0
RM408,No,192,10,69,2654,Upto 5k,9655,3,No,21,4,2,8,3,2,2,0,
RM453,No,561,2,61,4805,Upto 5k,16177,0,No,19,3,1,9,3,8,7,3,7.0
RM505,Yes,306,26,100,4286,Upto 5k,5630,2,No,14,3,2,5,4,1,1,0,0.0
RM565,No,954,2,46,6632,5k-10k,12388,0,No,13,3,0,9,3,8,7,3,1.0
RM604,No,252,2,95,2274,Upto 5k,6153,1,No,14,3,0,1,3,1,0,0,0.0
RM626,No,930,9,74,10761,10k-15k,19239,4,Yes,12,3,1,18,2,5,4,0,2.0
RM697,No,805,4,57,4447,Upto 5k,23163,1,No,12,3,0,9,5,9,7,0,8.0
RM714,No,974,1,91,2270,Upto 5k,11005,3,No,14,3,2,8,2,5,3,0,2.0
RM719,No,248,23,42,3633,Upto 5k,14039,1,Yes,15,3,1,9,2,9,8,0,8.0
RM756,No,1234,11,90,17650,15k+,5404,3,No,13,3,1,26,4,9,3,1,1.0
RM760,No,788,24,36,2177,Upto 5k,8318,1,No,16,3,0,6,3,6,3,0,4.0
RM806,No,1050,9,65,5593,5k-10k,17970,1,No,13,3,1,15,2,15,10,4,12.0
RM855,No,1457,7,83,4477,Upto 5k,20100,4,Yes,19,3,1,7,2,3,2,0,2.0
RM914,Yes,1449,2,94,18824,15k+,2493,2,Yes,16,3,0,26,2,24,10,1,11.0
RM937,No,364,25,83,18061,15k+,13035,3,No,22,4,0,22,4,0,0,0,0.0
RM1035,No,1038,20,95,10851,10k-15k,19863,2,Yes,18,3,1,24,2,7,7,0,7.0
RM1038,No,1448,29,55,9380,5k-10k,14720,4,Yes,18,3,2,10,4,3,1,1,2.0
RM1093,No,950,28,97,2132,Upto 5k,4585,4,No,20,4,1,8,3,5,4,0,3.0
RM1100,No,538,1,66,7441,5k-10k,20933,1,No,12,3,3,10,4,10,8,7,7.0
RM1143,No,1015,5,50,5769,5k-10k,23447,1,Yes,14,3,0,10,3,10,7,1,4.0
RM1144,No,336,26,52,4385,Upto 5k,24162,1,No,15,3,1,10,2,10,7,4,5.0
RM1161,No,1329,2,59,5770,5k-10k,5388,1,No,19,3,2,10,3,10,7,3,9.0
RM1222,No,1238,1,74,10748,10k-15k,3395,3,No,23,4,1,25,3,23,15,14,4.0
RM1226,No,1005,28,48,16704,15k+,17119,1,No,11,3,0,21,2,21,6,8,6.0
RM1244,No,176,4,56,9756,5k-10k,6595,4,No,21,4,2,9,2,5,0,0,3.0
RM1315,No,589,2,67,5154,5k-10k,19665,4,No,22,4,2,10,3,8,7,5,7.0
RM1347,No,556,25,93,5906,5k-10k,23888,0,No,13,3,2,10,2,9,8,3,8.0
RM1363,No,1297,1,44,5399,5k-10k,14511,4,No,12,3,0,12,3,4,2,0,3.0
RM1455,No,374,20,50,4850,Upto 5k,23333,8,No,15,3,0,8,3,5,3,0,1.0
RM030,No,705,2,83,18947,15k+,22822,3,No,12,3,0,22,2,2,2,2,
RM049,No,1211,5,98,5772,5k-10k,20445,4,Yes,21,4,0,14,4,9,6,0,8.0
RM080,No,945,5,80,5021,5k-10k,10425,8,Yes,22,4,1,16,2,4,2,0,2.0
RM090,Yes,669,9,64,9619,5k-10k,13596,1,No,16,3,0,9,3,9,8,4,7.0
RM094,No,638,1,40,10673,10k-15k,3142,2,Yes,13,3,1,21,5,10,9,9,5.0
RM179,No,526,1,92,10453,10k-15k,2137,1,No,25,4,3,24,2,24,13,15,7.0
RM210,No,644,1,97,9396,5k-10k,12368,7,No,16,3,1,17,3,4,2,0,
RM264,No,488,2,75,16872,15k+,14977,3,Yes,12,3,1,28,2,7,7,7,7.0
RM366,No,1144,7,30,5258,5k-10k,16044,2,No,14,3,0,7,2,1,0,0,0.0
RM413,No,1485,18,87,4810,Upto 5k,26314,2,No,14,3,1,19,5,10,7,0,8.0
RM430,No,1009,2,51,17861,15k+,2288,6,No,13,3,0,26,2,3,2,0,1.0
RM434,No,1125,10,94,9071,5k-10k,11563,2,Yes,19,3,1,15,3,3,2,1,2.0
RM466,No,1034,18,86,10527,10k-15k,8984,5,No,11,3,0,28,3,2,2,1,2.0
RM724,No,566,7,75,10845,10k-15k,24208,6,No,13,3,1,13,3,8,7,0,7.0
RM771,No,430,1,40,19627,15k+,21445,9,No,17,3,2,23,0,2,2,2,2.0
RM779,No,1003,8,74,4615,Upto 5k,21029,8,Yes,23,4,3,19,2,16,13,1,7.0
RM811,No,406,3,52,17465,15k+,15596,3,No,12,3,1,23,3,12,9,4,9.0
RM862,No,1402,2,69,17048,15k+,24097,8,No,23,4,0,28,2,26,15,15,9.0
RM870,No,1450,15,52,19081,15k+,10849,5,No,11,3,1,25,2,4,2,0,3.0
RM878,No,150,2,60,7379,5k-10k,17433,2,No,11,3,1,12,3,6,3,1,4.0
RM917,No,168,4,33,18789,15k+,9946,2,No,14,3,1,26,2,11,4,0,8.0
RM944,No,991,1,44,3423,Upto 5k,22957,6,No,12,3,0,10,3,7,6,5,7.0
RM1032,Yes,377,9,52,10096,10k-15k,15986,4,No,11,3,1,28,1,7,7,4,3.0
RM1081,No,228,3,51,16606,15k+,11380,8,No,12,3,1,23,2,13,12,5,1.0
RM1136,No,563,1,56,17567,15k+,3156,1,No,15,3,0,27,5,26,0,0,12.0
RM1232,No,717,13,34,5562,5k-10k,9697,6,No,14,3,0,19,3,10,7,0,9.0
RM1236,No,1277,2,74,10368,10k-15k,5596,4,Yes,12,3,1,13,5,10,6,0,3.0
RM1278,No,734,2,46,19328,15k+,14218,7,Yes,17,3,1,24,3,2,1,2,2.0
RM1286,No,849,26,98,7991,5k-10k,25166,8,No,15,3,0,6,3,2,2,2,2.0
RM1299,Yes,261,21,66,8926,5k-10k,10842,4,No,22,4,1,13,2,9,7,3,7.0
RM1323,No,706,2,82,8578,5k-10k,19989,3,No,14,3,1,12,4,9,8,4,7.0
RM1328,No,1319,3,45,13225,10k-15k,7739,2,No,12,3,1,25,5,19,17,2,8.0
RM1334,Yes,1254,10,64,7314,5k-10k,14011,5,No,21,4,3,14,2,8,7,0,7.0
RM272,Yes,666,29,88,11849,10k-15k,10268,1,Yes,12,3,1,10,2,10,7,9,9.0
RM330,No,1482,5,42,18300,15k+,16375,4,No,11,3,1,21,2,3,2,1,1.0
RM348,No,1309,4,99,2976,Upto 5k,25751,3,No,19,3,0,5,3,0,0,0,0.0
RM429,No,983,2,65,5070,5k-10k,7389,5,No,13,3,3,20,2,5,0,0,4.0
RM533,No,703,14,42,4960,Upto 5k,11825,2,No,12,3,0,20,2,7,7,1,7.0
RM545,No,217,3,49,13770,10k-15k,10225,9,Yes,12,3,2,28,2,22,2,11,13.0
RM567,Yes,719,27,77,6397,5k-10k,10339,4,Yes,12,3,0,8,2,5,4,1,3.0
RM593,No,202,2,33,16752,15k+,12982,1,Yes,11,3,1,26,3,26,14,3,0.0
RM652,No,249,2,35,4537,Upto 5k,17783,0,Yes,22,4,1,8,2,7,6,7,7.0
RM666,No,1454,2,65,3294,Upto 5k,13137,1,Yes,18,3,0,3,3,3,2,1,2.0
RM708,No,1379,16,64,5067,5k-10k,6759,1,Yes,19,3,0,20,3,19,10,2,7.0
RM720,No,955,4,83,4163,Upto 5k,8571,1,Yes,17,3,0,9,0,9,0,0,7.0
RM1021,No,465,1,74,3420,Upto 5k,10205,7,No,12,3,1,17,2,6,5,1,2.0
RM1025,No,359,2,82,17169,15k+,26703,3,No,19,3,2,26,2,20,17,5,6.0
RM1068,No,571,14,78,4591,Upto 5k,24200,3,Yes,17,3,1,11,4,5,4,1,2.0
RM1155,No,1176,26,98,19658,15k+,5220,3,No,11,3,1,27,2,5,2,1,0.0
RM1195,No,1225,2,47,15972,15k+,21086,6,No,14,3,3,29,2,3,2,1,2.0
RM1224,Yes,1093,9,82,12936,10k-15k,24164,7,No,11,3,0,25,3,23,5,14,10.0
RM1235,No,543,2,87,4978,Upto 5k,3536,7,No,11,3,1,4,3,1,0,0,0.0
RM1304,No,1001,4,92,10333,10k-15k,19271,8,Yes,12,3,1,28,4,22,11,14,10.0
RM1322,No,207,9,64,2105,Upto 5k,5411,4,No,12,3,0,7,2,2,2,2,0.0
RM1371,No,1169,14,64,5467,5k-10k,2125,8,No,18,3,1,16,4,8,7,1,7.0
RM1415,No,1180,25,84,8633,5k-10k,13084,2,No,23,4,0,25,3,17,14,12,11.0
RM1422,No,1162,1,98,11957,10k-15k,17231,0,No,18,3,2,14,3,13,8,5,12.0
RM051,Yes,626,1,98,5381,5k-10k,19294,9,Yes,13,3,0,23,2,1,0,0,0.0
RM353,No,530,29,91,12504,10k-15k,23978,3,No,21,4,1,15,3,0,0,0,0.0
RM445,No,163,2,37,4051,Upto 5k,19658,2,No,14,3,1,14,2,9,7,6,7.0
RM493,No,1236,1,40,15402,15k+,17997,7,No,11,3,1,21,3,3,2,0,2.0
RM521,No,817,2,56,8120,5k-10k,18597,3,No,12,3,0,12,3,2,2,2,2.0
RM679,No,1469,20,51,2259,Upto 5k,5543,4,No,17,3,2,13,2,0,0,0,0.0
RM736,No,277,6,97,4240,Upto 5k,13119,2,No,13,3,0,19,0,2,2,2,2.0
RM737,No,1355,4,78,10999,10k-15k,22245,7,No,14,3,0,27,3,15,11,4,8.0
RM805,No,1262,1,35,16885,15k+,16154,2,No,22,4,0,27,3,5,4,2,1.0
RM902,No,969,2,76,2559,Upto 5k,16620,5,No,11,3,0,7,4,1,0,0,0.0
RM905,No,715,1,76,18265,15k+,8733,6,No,12,3,0,25,3,1,0,0,0.0
RM970,No,855,4,54,7898,5k-10k,18706,1,No,11,3,0,11,2,10,9,0,8.0
RM1039,No,1221,7,96,5486,5k-10k,24795,4,No,11,3,3,15,3,2,2,2,2.0
RM1104,No,492,16,96,6439,5k-10k,13693,8,No,14,3,1,18,2,8,7,7,7.0
RM1115,No,1108,15,65,2367,Upto 5k,16530,8,No,12,3,1,10,3,8,2,7,6.0
RM1167,No,365,4,89,15202,15k+,5602,2,No,25,4,1,23,3,2,2,2,2.0
RM1205,Yes,708,7,95,2655,Upto 5k,11740,2,Yes,11,3,2,19,3,9,7,7,7.0
RM1332,No,1224,10,91,19665,15k+,13583,4,No,12,3,0,29,3,22,10,12,9.0
RM1352,No,117,22,58,17174,15k+,2437,3,No,11,3,1,24,3,22,17,4,7.0
RM002,No,279,8,61,5130,5k-10k,24907,1,No,23,4,1,10,3,10,7,1,7.0
RM130,No,470,20,96,6567,5k-10k,5549,1,No,14,3,0,16,2,15,11,5,11.0
RM202,No,1002,18,92,6804,5k-10k,23793,1,Yes,15,3,2,7,0,7,7,1,7.0
RM291,No,636,10,35,18665,15k+,25594,9,Yes,11,3,0,22,4,3,2,1,2.0
RM317,No,1091,1,90,13964,10k-15k,17810,7,Yes,12,3,0,25,2,7,1,0,7.0
RM376,No,1261,7,31,10965,10k-15k,12066,8,No,24,4,0,26,2,5,2,0,0.0
RM474,No,1245,18,58,19502,15k+,2125,1,Yes,17,3,1,31,5,31,9,0,9.0
RM608,Yes,1184,11,43,7654,5k-10k,5860,1,No,18,3,2,9,3,9,8,7,7.0
RM640,No,1418,1,36,3580,Upto 5k,10554,2,No,16,3,1,7,2,4,2,0,2.0
RM678,No,527,8,51,7403,5k-10k,22477,4,No,11,3,1,29,3,26,9,1,7.0
RM822,No,174,8,56,13120,10k-15k,11879,6,No,17,3,1,22,3,9,8,2,3.0
RM900,No,1098,4,85,18711,15k+,12124,2,No,13,3,1,23,2,1,0,0,0.0
RM1007,Yes,1475,28,97,4284,Upto 5k,22710,3,No,20,4,0,20,2,4,3,1,3.0
RM1045,No,1495,5,96,6651,5k-10k,21534,2,No,14,3,1,20,0,3,2,1,2.0
RM1055,No,1490,7,35,10466,10k-15k,20948,3,No,14,3,2,29,3,8,7,0,7.0
RM1072,No,271,3,43,4789,Upto 5k,23070,4,No,25,4,1,10,3,3,2,1,2.0
RM1148,No,722,25,84,3211,Upto 5k,22102,1,No,14,3,1,10,3,9,6,1,4.0
RM1177,No,301,22,72,16413,15k+,3498,3,No,16,3,2,27,2,4,2,1,2.0
RM1182,No,465,6,41,13966,10k-15k,11652,2,Yes,19,3,1,30,3,15,11,2,12.0
RM1193,No,464,16,74,2587,Upto 5k,24941,4,Yes,16,3,1,17,2,2,2,2,2.0
RM1196,No,809,1,36,15379,15k+,22384,4,No,14,3,0,23,2,8,7,0,0.0
RM1255,No,1313,11,80,4507,Upto 5k,8191,3,No,12,3,0,8,1,5,1,0,4.0
RM1378,No,1064,2,42,19161,15k+,13738,3,No,15,3,0,28,3,5,4,4,3.0
RM1469,No,1023,2,63,5390,5k-10k,13243,2,No,14,3,0,17,3,9,6,0,8.0
RM1469,No,1023,2,63,5390,5k-10k,13243,2,No,14,3,0,17,3,9,6,0,8.0
RM037,Yes,869,3,86,2683,Upto 5k,3810,1,Yes,14,3,0,3,2,3,2,0,2.0
RM063,No,989,7,43,18740,15k+,16701,5,Yes,12,3,1,29,2,27,3,13,8.0
RM107,No,1115,1,73,18172,15k+,9755,3,Yes,19,3,0,28,1,8,3,0,7.0
RM132,No,809,12,77,9208,5k-10k,6645,4,No,11,3,0,16,3,2,2,2,1.0
RM166,No,1452,11,53,19926,15k+,17053,3,No,15,3,0,21,5,5,4,4,4.0
RM184,No,328,1,86,3690,Upto 5k,3425,2,No,15,3,1,5,2,3,2,0,2.0
RM234,No,854,1,68,19517,15k+,24118,3,No,11,3,1,32,3,7,0,0,6.0
RM280,No,797,4,96,19144,15k+,15815,3,No,14,3,2,28,4,10,4,1,6.0
RM368,No,1046,10,100,10496,10k-15k,2755,6,No,15,3,0,20,2,4,3,1,3.0
RM426,No,1099,29,88,17046,15k+,9314,0,No,15,3,1,28,2,27,10,15,7.0
RM478,No,1246,3,99,18200,15k+,7999,1,No,11,3,1,32,2,32,5,10,7.0
RM524,No,1207,28,74,3221,Upto 5k,3297,1,Yes,11,3,3,20,3,20,8,3,8.0
RM529,Yes,562,8,50,6796,5k-10k,23452,3,Yes,14,3,1,18,4,4,3,1,3.0
RM540,No,316,8,54,3875,Upto 5k,9983,7,No,15,3,1,4,2,2,2,2,2.0
RM589,No,691,2,64,17639,15k+,6881,5,No,16,3,0,30,3,4,3,0,3.0
RM654,No,881,2,98,17924,15k+,4544,1,No,11,3,1,31,3,31,6,14,7.0
RM715,No,1126,1,66,17399,15k+,6615,9,No,22,4,1,32,1,5,4,1,3.0
RM722,No,939,24,95,13973,10k-15k,4161,3,Yes,18,3,1,22,2,12,11,1,5.0
RM743,No,804,9,64,2380,Upto 5k,20165,4,No,18,3,0,8,5,1,0,0,0.0
RM752,No,145,1,95,6347,5k-10k,24920,0,No,12,3,1,19,3,18,7,0,13.0
RM767,No,1464,2,62,19237,15k+,12853,2,Yes,11,3,1,29,2,8,1,7,7.0
RM802,Yes,959,1,81,4728,Upto 5k,17251,3,Yes,14,3,0,5,4,0,0,0,0.0
RM868,No,1421,2,30,17856,15k+,9490,2,No,22,4,1,32,3,2,2,2,2.0
RM946,No,1322,28,43,16880,15k+,22422,4,Yes,11,3,0,25,2,3,2,1,2.0
RM1087,No,333,22,88,14411,10k-15k,24450,1,Yes,13,3,0,32,2,32,6,13,9.0
RM1127,No,264,9,59,19331,15k+,19519,4,Yes,16,3,1,27,2,1,0,0,0.0
RM1139,No,1234,20,41,11245,10k-15k,20689,2,Yes,15,3,1,32,3,30,8,12,13.0
RM1178,No,813,17,50,13269,10k-15k,21981,5,No,15,3,3,19,3,14,11,1,11.0
RM1453,Yes,878,1,94,6728,5k-10k,14255,7,No,12,3,2,12,3,6,3,0,1.0
RM1462,Yes,410,28,39,10854,10k-15k,16586,4,Yes,13,3,1,20,3,3,2,2,0.0
RM1462,Yes,410,28,39,10854,10k-15k,16586,4,Yes,13,3,1,20,3,3,2,2,0.0
RM088,No,432,9,96,2075,Upto 5k,18725,3,No,23,4,2,10,4,4,2,0,3.0
RM092,No,632,21,71,5441,5k-10k,8423,0,Yes,22,4,0,11,2,10,7,1,0.0
RM111,No,1456,1,30,7484,5k-10k,25796,3,No,20,4,0,23,1,13,12,12,8.0
RM124,No,684,6,51,19537,15k+,6462,7,No,13,3,0,23,5,20,18,15,15.0
RM137,Yes,1150,8,53,10650,10k-15k,25150,2,No,15,3,0,18,2,4,2,0,3.0
RM157,No,1169,7,34,6132,5k-10k,13983,2,No,17,3,0,10,2,1,0,0,0.0
RM190,No,313,3,98,13734,10k-15k,7192,3,No,18,3,0,21,6,7,7,1,0.0
RM214,No,1469,8,81,12490,10k-15k,15736,5,No,16,3,2,16,5,10,9,4,7.0
RM259,No,833,1,96,2723,Upto 5k,23231,1,No,11,3,0,1,0,1,0,0,
RM300,No,1302,2,84,5482,5k-10k,16321,5,No,18,3,1,13,3,4,1,1,2.0
RM377,No,1178,14,87,4936,Upto 5k,14862,4,No,11,3,1,18,2,7,7,0,7.0
RM617,No,1318,26,66,16307,15k+,5594,2,No,14,3,1,29,2,20,6,4,17.0
RM780,Yes,1323,4,34,2461,Upto 5k,10332,9,Yes,12,3,3,18,2,10,0,2,7.0
RM919,No,237,9,83,19847,15k+,19196,4,Yes,24,4,1,31,5,29,10,11,10.0
RM931,No,968,6,40,2838,Upto 5k,4257,0,No,14,3,0,8,6,7,0,7,7.0
RM963,No,770,5,84,14026,10k-15k,17588,1,Yes,11,3,1,33,2,33,9,0,10.0
RM972,No,1405,11,82,13142,10k-15k,24439,3,No,16,3,0,29,1,5,2,0,3.0
RM988,No,541,2,52,10596,10k-15k,15395,2,No,11,3,0,14,5,4,2,3,2.0
RM1276,No,942,3,53,13116,10k-15k,22984,2,No,11,3,0,15,2,2,2,2,2.0
RM191,No,699,1,65,19999,15k+,5678,0,No,14,3,1,34,5,33,18,11,9.0
RM231,No,1323,2,89,3212,Upto 5k,3300,7,No,15,3,0,6,3,2,2,2,2.0
RM238,No,771,2,79,19068,15k+,21030,1,Yes,18,3,0,33,2,33,7,15,12.0
RM318,Yes,723,8,85,4941,Upto 5k,17747,2,No,15,3,0,11,3,8,2,7,7.0
RM407,No,319,3,39,7969,5k-10k,19609,2,Yes,14,3,0,28,4,5,4,0,
RM409,No,1490,4,30,16555,15k+,10310,2,No,13,3,0,31,2,5,2,1,4.0
RM469,No,956,6,78,5577,5k-10k,22087,3,Yes,12,3,2,18,3,10,9,6,9.0
RM562,No,621,3,31,16856,15k+,10084,1,No,11,3,0,34,3,34,6,1,16.0
RM571,No,715,19,41,4258,Upto 5k,26589,0,No,18,3,1,5,3,4,3,1,2.0
RM588,No,1325,11,82,3149,Upto 5k,21821,8,No,20,4,1,9,3,5,2,1,4.0
RM628,No,890,25,81,13826,10k-15k,19028,3,No,22,4,0,31,3,9,8,0,0.0
RM700,No,1053,1,70,17099,15k+,13829,2,No,15,3,1,26,2,9,8,7,8.0
RM750,Yes,266,2,57,19845,15k+,25846,1,No,15,3,1,33,3,32,14,6,9.0
RM807,No,994,7,87,10445,10k-15k,15322,7,No,19,3,0,18,4,8,6,4,0.0
RM948,Yes,1030,5,64,8446,5k-10k,21534,9,Yes,19,3,0,10,2,8,7,7,7.0
RM995,No,322,28,59,13247,10k-15k,9731,2,Yes,11,3,1,24,3,5,3,0,2.0
RM1001,No,258,8,54,2950,Upto 5k,17363,9,No,13,3,0,12,2,5,4,0,4.0
RM1435,No,585,29,40,3482,Upto 5k,19788,2,No,15,3,2,16,3,9,8,0,0.0
RM019,No,1219,2,78,15427,15k+,22021,2,No,16,3,0,31,3,25,8,3,7.0
RM026,No,1282,5,58,19094,15k+,10735,4,No,11,3,1,26,3,14,13,4,
RM153,No,1436,6,34,2306,Upto 5k,16047,2,Yes,20,4,1,13,3,7,7,4,5.0
RM185,No,1084,13,57,4450,Upto 5k,26250,1,No,11,3,2,5,3,4,2,1,3.0
RM281,No,1070,3,45,17584,15k+,21016,3,Yes,16,3,3,21,5,5,3,1,3.0
RM503,No,238,1,34,8381,5k-10k,7507,7,No,20,4,0,18,2,14,7,8,10.0
RM535,No,970,7,59,14814,10k-15k,13514,3,No,19,3,0,32,3,5,1,1,3.0
RM557,No,346,6,86,2450,Upto 5k,10919,2,No,17,3,0,19,4,2,2,2,2.0
RM625,No,661,7,78,10934,10k-15k,20715,7,Yes,18,3,1,35,3,5,2,0,4.0
RM647,No,868,8,73,11836,10k-15k,22789,5,No,14,3,1,28,3,2,0,2,2.0
RM650,No,102,23,72,14275,10k-15k,20206,6,No,18,3,0,33,0,12,9,3,8.0
RM702,No,1376,2,45,14852,10k-15k,13938,6,No,13,3,1,22,3,17,13,15,2.0
RM761,No,124,2,38,7525,5k-10k,23537,2,No,12,3,1,30,2,15,7,6,12.0
RM859,No,1223,7,50,18606,15k+,18640,3,No,18,3,1,26,6,7,7,4,7.0
RM1044,No,447,2,39,16598,15k+,19764,4,No,12,3,0,35,2,9,8,8,8.0
RM1112,Yes,607,2,78,10169,10k-15k,14618,0,No,16,3,1,34,4,33,7,1,9.0
RM1204,No,1395,24,48,7005,5k-10k,3458,3,No,15,3,0,11,2,4,3,1,2.0
RM1269,No,661,1,60,12965,10k-15k,22308,4,Yes,20,4,3,27,2,3,2,0,2.0
RM1397,Yes,1168,24,66,10448,10k-15k,5843,6,Yes,13,3,0,15,2,2,2,2,2.0
RM096,No,1217,2,60,13549,10k-15k,24001,9,No,12,3,1,16,5,4,3,0,3.0
RM113,No,142,26,30,17328,15k+,13871,2,Yes,12,3,0,23,3,5,3,4,4.0
RM220,No,1147,3,52,5940,5k-10k,17011,2,No,14,3,1,16,4,6,2,0,5.0
RM333,No,928,20,31,4869,Upto 5k,16885,3,No,12,3,0,20,4,4,3,0,3.0
RM393,No,821,5,86,19406,15k+,8509,4,No,11,3,1,24,4,4,2,1,2.0
RM432,No,548,8,42,3780,Upto 5k,23428,7,No,11,3,0,19,3,1,0,0,0.0
RM511,No,397,19,88,10725,10k-15k,6729,2,No,15,3,1,16,1,9,7,7,1.0
RM576,No,376,19,95,5485,5k-10k,22670,9,Yes,11,3,2,9,4,5,3,1,4.0
RM729,No,1441,17,56,10739,10k-15k,13943,8,No,11,3,1,22,2,10,7,0,8.0
RM772,No,1082,2,41,10686,10k-15k,8392,6,No,11,3,1,13,4,9,4,7,0.0
RM891,No,966,1,53,10502,10k-15k,9659,7,No,17,3,1,33,2,5,4,1,4.0
RM895,No,685,3,85,17779,15k+,23474,3,No,14,3,0,36,2,10,9,0,9.0
RM1009,No,971,1,54,17328,15k+,5652,6,No,19,3,0,29,3,20,7,12,7.0
RM1077,No,1050,11,87,16032,15k+,24456,3,No,20,4,1,26,2,14,9,1,12.0
RM1185,No,584,22,91,17426,15k+,18685,3,No,25,4,1,36,6,10,8,4,7.0
RM1306,No,431,7,68,6854,5k-10k,15696,4,No,15,3,1,14,2,7,1,1,7.0
RM1398,No,155,9,67,2897,Upto 5k,22474,3,No,11,3,2,9,6,4,3,2,3.0
RM1407,No,157,10,77,4440,Upto 5k,25198,6,Yes,19,3,0,9,3,5,2,1,4.0
RM066,No,836,8,33,14756,10k-15k,19730,2,Yes,14,3,3,21,2,5,0,0,2.0
RM083,No,111,1,70,10239,10k-15k,18092,3,No,14,3,1,24,4,1,0,1,0.0
RM188,No,692,14,61,18722,15k+,13339,8,No,11,3,0,36,3,24,15,2,15.0
RM271,No,452,1,81,19045,15k+,18938,0,Yes,14,3,0,37,2,36,10,4,13.0
RM284,No,147,20,37,5415,5k-10k,15972,3,Yes,19,3,1,12,4,10,7,0,8.0
RM380,No,1311,2,97,16659,15k+,23258,2,Yes,13,3,0,30,2,5,4,1,2.0
RM446,No,1117,18,83,16835,15k+,9873,3,No,23,4,0,37,2,10,9,7,7.0
RM569,Yes,725,2,78,19859,15k+,21199,5,Yes,13,3,1,24,2,5,2,1,4.0
RM609,Yes,436,2,37,5160,5k-10k,21519,4,No,16,3,0,12,3,9,7,7,3.0
RM746,No,135,18,62,6385,5k-10k,12992,3,Yes,14,3,2,17,3,8,7,6,7.0
RM775,No,444,2,40,16756,15k+,17323,7,No,15,3,0,31,3,9,7,6,2.0
RM788,No,1091,2,65,10976,10k-15k,15813,3,No,18,3,1,23,4,3,2,1,2.0
RM915,No,177,8,37,13577,10k-15k,25592,1,Yes,15,3,1,34,3,33,9,15,0.0
RM956,No,282,2,58,19187,15k+,6992,4,No,14,3,1,23,5,19,9,9,11.0
RM976,Yes,267,13,85,13695,10k-15k,9277,6,Yes,17,3,0,24,2,19,7,3,8.0
RM1011,No,1136,1,81,14732,10k-15k,12414,2,No,13,3,2,31,4,7,7,0,0.0
RM1066,No,1229,4,30,4035,Upto 5k,16143,0,Yes,16,3,0,4,2,3,2,1,2.0
RM1117,No,685,26,60,19586,15k+,23037,1,No,21,4,1,36,3,36,6,2,13.0
RM1208,No,1441,22,94,3537,Upto 5k,23737,5,No,12,3,1,8,1,4,2,1,2.0
RM1265,No,478,2,60,19038,15k+,19805,8,No,12,3,3,34,2,1,0,0,0.0
RM1337,No,836,2,98,2662,Upto 5k,7975,8,No,20,4,1,19,2,5,2,0,4.0
RM1402,No,189,26,71,19636,15k+,25811,4,Yes,18,3,1,35,0,10,9,1,4.0
RM086,No,1400,7,49,7260,5k-10k,21698,4,No,11,3,0,37,3,6,4,0,2.0
RM123,Yes,441,14,72,4963,Upto 5k,4510,9,Yes,18,3,3,7,2,5,4,4,3.0
RM176,No,713,8,67,4257,Upto 5k,13939,4,Yes,18,3,1,19,3,2,2,2,2.0
RM402,No,906,6,86,13212,10k-15k,18256,9,No,11,3,3,36,0,7,7,7,7.0
RM553,No,832,9,81,11103,10k-15k,20420,7,No,11,3,0,30,1,10,7,1,1.0
RM773,No,1240,9,63,2942,Upto 5k,12154,2,No,19,3,1,18,4,5,4,0,3.0
RM852,No,718,4,92,19943,15k+,18575,4,No,13,3,1,28,2,5,2,4,2.0
RM957,No,206,8,99,19717,15k+,4022,6,No,14,3,0,36,4,7,3,7,7.0
RM977,No,1369,23,68,13402,10k-15k,18235,4,Yes,12,3,1,33,0,19,16,15,9.0
RM1024,No,1255,1,90,2066,Upto 5k,10494,2,No,22,4,1,5,3,3,2,1,0.0
RM1355,Yes,1162,24,97,2587,Upto 5k,10261,1,No,16,3,0,5,3,4,2,1,0.0
RM1372,No,1443,11,89,5380,5k-10k,20328,4,No,16,3,1,6,3,0,0,0,0.0
RM1442,No,667,1,57,6306,5k-10k,26236,1,No,21,4,1,13,2,13,12,1,9.0
RM1445,Yes,310,7,72,2339,Upto 5k,3666,8,No,11,3,1,14,4,10,9,9,8.0
RM164,No,334,24,83,9439,5k-10k,23402,3,Yes,16,3,1,12,2,5,3,1,4.0
RM361,No,593,1,88,6755,5k-10k,2967,2,No,11,3,0,15,2,3,2,1,
RM425,No,210,29,56,14118,10k-15k,22102,3,No,12,3,1,32,3,1,0,0,0.0
RM1054,No,405,1,93,4900,Upto 5k,2721,0,No,24,4,1,13,2,12,9,2,8.0
RM099,No,682,10,37,13872,10k-15k,24409,0,No,13,3,0,38,1,37,10,1,8.0
RM127,Yes,147,23,94,10312,10k-15k,3465,1,No,12,3,1,40,3,40,10,15,6.0
RM158,No,1145,9,75,3346,Upto 5k,11873,4,Yes,20,4,1,9,3,1,0,0,0.0
RM309,No,390,1,32,5660,5k-10k,17056,2,Yes,13,3,1,12,2,5,3,1,2.0
RM596,Yes,286,2,31,19246,15k+,25761,7,Yes,12,3,0,40,2,31,15,13,8.0
RM661,Yes,781,2,57,2380,Upto 5k,13384,9,Yes,14,3,1,3,3,1,0,0,0.0
RM675,No,1272,5,37,10552,10k-15k,9255,2,Yes,13,3,1,24,3,6,0,0,4.0
RM701,Yes,289,2,51,2479,Upto 5k,26227,4,No,24,4,0,7,4,1,0,0,0.0
RM939,No,848,23,88,2372,Upto 5k,26076,1,No,12,3,2,2,3,2,2,2,2.0
RM967,Yes,601,7,53,10008,10k-15k,12023,7,Yes,14,3,0,31,0,10,9,5,9.0
RM1010,No,1055,1,76,19701,15k+,22456,3,Yes,21,4,1,32,3,9,8,1,5.0
RM1302,No,350,2,52,16291,15k+,22577,4,No,22,4,1,37,0,16,9,14,14.0
RM1311,No,1216,15,87,15787,15k+,21624,2,Yes,14,3,0,23,3,2,2,2,2.0
RM1375,No,605,21,72,17875,15k+,11761,4,Yes,13,3,1,29,2,1,0,0,0.0
RM007,No,1324,3,81,2670,Upto 5k,9964,4,Yes,20,4,3,12,3,1,0,0,
RM064,No,1435,25,99,7637,5k-10k,2354,7,No,11,3,0,28,3,21,16,7,9.0
RM071,No,1225,1,57,5473,5k-10k,24668,7,No,11,3,0,20,2,4,3,1,
RM106,No,1420,2,32,18844,15k+,21922,9,No,21,4,1,30,3,3,2,2,2.0
RM226,No,142,3,70,2177,Upto 5k,8456,3,No,17,3,1,7,6,1,0,0,0.0
RM233,No,818,6,52,2267,Upto 5k,25657,8,No,17,3,0,7,2,2,2,2,2.0
RM744,No,715,2,69,13726,10k-15k,21829,3,Yes,13,3,0,30,4,5,3,4,3.0
RM759,No,1089,1,66,11904,10k-15k,11038,3,Yes,14,3,1,14,1,6,4,0,4.0
RM898,No,326,3,48,5171,5k-10k,16490,5,No,17,3,0,13,2,6,1,0,5.0
RM920,No,1429,18,67,10512,10k-15k,20002,6,No,12,3,0,25,6,9,7,5,4.0
RM412,No,422,7,41,19566,15k+,3854,5,No,11,3,0,33,5,29,8,11,10.0
RM428,No,1499,28,80,10266,10k-15k,2845,4,No,19,3,0,22,5,18,13,13,11.0
RM537,No,1179,16,84,5405,5k-10k,11924,8,No,14,3,0,10,1,2,2,2,2.0
RM880,No,696,7,52,5220,5k-10k,10893,0,Yes,18,3,1,12,3,11,7,1,9.0
RM1210,No,370,1,92,10883,10k-15k,20467,3,No,20,4,1,19,2,1,0,0,0.0
